Documento,Schema,Tabla,Existe,Fase
90-transversal/SOCIAL-FEATURES-COMPLETO.md,auth_management,tenants,SI,90-transversal
90-transversal/SOCIAL-FEATURES-COMPLETO.md,social_features,schools,SI,90-transversal
90-transversal/SOCIAL-FEATURES-COMPLETO.md,classrooms,school_id,SI,90-transversal
90-transversal/SOCIAL-FEATURES-COMPLETO.md,gamilit,now_mexico,SI,90-transversal
90-transversal/SOCIAL-FEATURES-COMPLETO.md,social_features,team_challenges,SI,90-transversal
90-transversal/SOCIAL-FEATURES-COMPLETO.md,auth,users,SI,90-transversal
90-transversal/SOCIAL-FEATURES-COMPLETO.md,schools,id,SI,90-transversal
90-transversal/SOCIAL-FEATURES-COMPLETO.md,classrooms,id,SI,90-transversal
90-transversal/SOCIAL-FEATURES-COMPLETO.md,social_features,cleanup_old_notifications,NO,90-transversal
90-transversal/SOCIAL-FEATURES-COMPLETO.md,social_features,teams,SI,90-transversal
90-transversal/SOCIAL-FEATURES-COMPLETO.md,social_features,team_members,SI,90-transversal
90-transversal/SOCIAL-FEATURES-COMPLETO.md,social_features,classrooms,SI,90-transversal
90-transversal/SOCIAL-FEATURES-COMPLETO.md,social_features,friendships,SI,90-transversal
90-transversal/SOCIAL-FEATURES-COMPLETO.md,social_features,classroom_members,SI,90-transversal
90-transversal/ADMIN-DASHBOARD-COMPLETO.md,admin_dashboard,moderation_queue,NO,90-transversal
90-transversal/ADMIN-DASHBOARD-COMPLETO.md,admin_dashboard,recent_admin_actions,NO,90-transversal
90-transversal/ADMIN-DASHBOARD-COMPLETO.md,social_features,reported_users,NO,90-transversal
90-transversal/ADMIN-DASHBOARD-COMPLETO.md,content_management,flagged_content,SI,90-transversal
90-transversal/ADMIN-DASHBOARD-COMPLETO.md,cron,schedule,NO,90-transversal
90-transversal/ADMIN-DASHBOARD-COMPLETO.md,audit_logging,audit_logs,SI,90-transversal
90-transversal/ADMIN-DASHBOARD-COMPLETO.md,admin_dashboard,organization_stats_summary,NO,90-transversal
90-transversal/ADMIN-DASHBOARD-COMPLETO.md,admin_dashboard,user_stats_summary,NO,90-transversal
90-transversal/AUDIT-LOGGING-COMPLETO.md,public,log_system_event,NO,90-transversal
90-transversal/AUDIT-LOGGING-COMPLETO.md,public,cleanup_old_user_activity,NO,90-transversal
90-transversal/AUDIT-LOGGING-COMPLETO.md,public,cleanup_old_system_logs,NO,90-transversal
90-transversal/AUDIT-LOGGING-COMPLETO.md,audit_logging,audit_logs,SI,90-transversal
90-transversal/AUDIT-LOGGING-COMPLETO.md,audit_logging,user_activity_logs,SI,90-transversal
90-transversal/_MAP.md,AchievementCard,tsx,NO,90-transversal
90-transversal/_MAP.md,gamification_system,achievements,SI,90-transversal
90-transversal/_MAP.md,service,ts,SI,90-transversal
90-transversal/FUNCIONES-UTILITARIAS-GAMILIT.md,gamilit,get_user_tenant_id,NO,90-transversal
90-transversal/FUNCIONES-UTILITARIAS-GAMILIT.md,gamilit,update_classroom_member_count,SI,90-transversal
90-transversal/FUNCIONES-UTILITARIAS-GAMILIT.md,auth_management,profiles,SI,90-transversal
90-transversal/FUNCIONES-UTILITARIAS-GAMILIT.md,gamilit,update_user_last_login,NO,90-transversal
90-transversal/FUNCIONES-UTILITARIAS-GAMILIT.md,gamilit,get_current_user_id,SI,90-transversal
90-transversal/FUNCIONES-UTILITARIAS-GAMILIT.md,gamilit,is_admin,SI,90-transversal
90-transversal/FUNCIONES-UTILITARIAS-GAMILIT.md,gamilit,update_updated_at_column,SI,90-transversal
90-transversal/FUNCIONES-UTILITARIAS-GAMILIT.md,gamilit,initialize_user_stats,SI,90-transversal
90-transversal/FUNCIONES-UTILITARIAS-GAMILIT.md,gamilit,validate_email_format,NO,90-transversal
90-transversal/FUNCIONES-UTILITARIAS-GAMILIT.md,gamification_system,user_stats,SI,90-transversal
90-transversal/FUNCIONES-UTILITARIAS-GAMILIT.md,educational_content,exercises,SI,90-transversal
90-transversal/FUNCIONES-UTILITARIAS-GAMILIT.md,gamilit,is_teacher,NO,90-transversal
90-transversal/FUNCIONES-UTILITARIAS-GAMILIT.md,auth_management,gamilit_role,SI,90-transversal
90-transversal/FUNCIONES-UTILITARIAS-GAMILIT.md,progress_tracking,exercise_attempts,SI,90-transversal
90-transversal/FUNCIONES-UTILITARIAS-GAMILIT.md,gamilit,set_profile_defaults,NO,90-transversal
90-transversal/FUNCIONES-UTILITARIAS-GAMILIT.md,gamification_system,check_and_award_achievements,NO,90-transversal
90-transversal/FUNCIONES-UTILITARIAS-GAMILIT.md,gamilit,some_function,NO,90-transversal
90-transversal/FUNCIONES-UTILITARIAS-GAMILIT.md,gamilit,audit_profile_changes,SI,90-transversal
90-transversal/FUNCIONES-UTILITARIAS-GAMILIT.md,social_features,classroom_members,SI,90-transversal
90-transversal/FUNCIONES-UTILITARIAS-GAMILIT.md,gamilit,is_super_admin,NO,90-transversal
90-transversal/FUNCIONES-UTILITARIAS-GAMILIT.md,gamilit,now_mexico,SI,90-transversal
90-transversal/FUNCIONES-UTILITARIAS-GAMILIT.md,gamilit,log_error,NO,90-transversal
90-transversal/FUNCIONES-UTILITARIAS-GAMILIT.md,gamilit,update_user_stats_on_exercise_complete,SI,90-transversal
90-transversal/FUNCIONES-UTILITARIAS-GAMILIT.md,gamification_system,calculate_level_from_xp,NO,90-transversal
90-transversal/FUNCIONES-UTILITARIAS-GAMILIT.md,gamilit,get_current_user_role,SI,90-transversal
90-transversal/FUNCIONES-UTILITARIAS-GAMILIT.md,gamilit,validate_username,NO,90-transversal
90-transversal/FUNCIONES-UTILITARIAS-PUBLIC.md,auth_management,user_roles,SI,90-transversal
90-transversal/FUNCIONES-UTILITARIAS-PUBLIC.md,public,validate_date_range,NO,90-transversal
90-transversal/FUNCIONES-UTILITARIAS-PUBLIC.md,public,send_notification,NO,90-transversal
90-transversal/FUNCIONES-UTILITARIAS-PUBLIC.md,db,query,NO,90-transversal
90-transversal/FUNCIONES-UTILITARIAS-PUBLIC.md,this,renderNewDashboard,NO,90-transversal
90-transversal/FUNCIONES-UTILITARIAS-PUBLIC.md,audit_logging,system_logs,SI,90-transversal
90-transversal/FUNCIONES-UTILITARIAS-PUBLIC.md,public,is_feature_enabled,NO,90-transversal
90-transversal/FUNCIONES-UTILITARIAS-PUBLIC.md,public,log_system_event,NO,90-transversal
90-transversal/FUNCIONES-UTILITARIAS-PUBLIC.md,auth,users,SI,90-transversal
90-transversal/FUNCIONES-UTILITARIAS-PUBLIC.md,this,renderLegacyDashboard,NO,90-transversal
90-transversal/FUNCIONES-UTILITARIAS-PUBLIC.md,JSON,stringify,NO,90-transversal
90-transversal/FUNCIONES-UTILITARIAS-PUBLIC.md,dateValidator,validateDateRange,NO,90-transversal
90-transversal/FUNCIONES-UTILITARIAS-PUBLIC.md,public,cleanup_old_system_logs,NO,90-transversal
90-transversal/FUNCIONES-UTILITARIAS-PUBLIC.md,system_configuration,feature_flags,SI,90-transversal
90-transversal/FUNCIONES-UTILITARIAS-PUBLIC.md,featureFlags,isFeatureEnabled,NO,90-transversal
90-transversal/FUNCIONES-UTILITARIAS-PUBLIC.md,cron,schedule,NO,90-transversal
90-transversal/FUNCIONES-UTILITARIAS-PUBLIC.md,redis,get,NO,90-transversal
90-transversal/FUNCIONES-UTILITARIAS-PUBLIC.md,gamification_system,notifications,SI,90-transversal
90-transversal/FUNCIONES-UTILITARIAS-PUBLIC.md,social_features,classroom_members,SI,90-transversal
90-transversal/FUNCIONES-UTILITARIAS-PUBLIC.md,gamification_system,notification_delivery_queue,NO,90-transversal
90-transversal/FUNCIONES-UTILITARIAS-PUBLIC.md,public,update_feature_flag,NO,90-transversal
90-transversal/FUNCIONES-UTILITARIAS-PUBLIC.md,public,cleanup_old_user_activity,NO,90-transversal
90-transversal/FUNCIONES-UTILITARIAS-PUBLIC.md,audit_logging,user_activity_logs,SI,90-transversal
90-transversal/FUNCIONES-UTILITARIAS-PUBLIC.md,redis,setex,NO,90-transversal
90-transversal/STORAGE-SYSTEM.md,content_management,media_files,SI,90-transversal
90-transversal/STORAGE-SYSTEM.md,auth_management,profiles,SI,90-transversal
90-transversal/STORAGE-SYSTEM.md,this,getBucketName,NO,90-transversal
90-transversal/STORAGE-SYSTEM.md,gamification_system,achievements,SI,90-transversal
90-transversal/STORAGE-SYSTEM.md,educational_content,media_resources,SI,90-transversal
90-transversal/features/FEATURES-PENDIENTES.md,React,lazy,NO,90-transversal
90-transversal/features/FEATURES-IMPLEMENTADAS.md,router,get,NO,90-transversal
90-transversal/features/FEATURES-IMPLEMENTADAS.md,router,post,NO,90-transversal
90-transversal/features/_MAP.md,system_configuration,feature_flags,SI,90-transversal
90-transversal/roadmap/ROADMAP-GENERAL.md,submission,answer_data,SI,90-transversal
90-transversal/roadmap/ROADMAP-GENERAL.md,exercise,solution,SI,90-transversal
90-transversal/roadmap/ROADMAP-GENERAL.md,exercise,content,SI,90-transversal
90-transversal/roadmap/ROADMAP-GENERAL.md,exercise,comodines_config,SI,90-transversal
90-transversal/roadmap/ROADMAP-GENERAL.md,exercise,config,SI,90-transversal
90-transversal/roadmap/ROADMAP-GENERAL.md,user_stats,metadata,SI,90-transversal
90-transversal/correcciones/ISSUES-CRITICOS.md,localStorage,setItem,NO,90-transversal
90-transversal/correcciones/ISSUES-CRITICOS.md,authService,register,NO,90-transversal
90-transversal/correcciones/ISSUES-CRITICOS.md,jwt,verify,NO,90-transversal
90-transversal/correcciones/ISSUES-CRITICOS.md,social_features,friendships,SI,90-transversal
90-transversal/correcciones/ISSUES-CRITICOS.md,social_features,team_challenges,SI,90-transversal
90-transversal/correcciones/ISSUES-CRITICOS.md,logger,error,SI,90-transversal
90-transversal/correcciones/ISSUES-CRITICOS.md,client,query,NO,90-transversal
90-transversal/correcciones/ISSUES-CRITICOS.md,res,status,SI,90-transversal
90-transversal/correcciones/ISSUES-CRITICOS.md,app,use,SI,90-transversal
90-transversal/correcciones/ISSUES-CRITICOS.md,allowedOrigins,includes,NO,90-transversal
90-transversal/correcciones/ISSUES-CRITICOS.md,educational_content,exercises,SI,90-transversal
90-transversal/correcciones/ISSUES-CRITICOS.md,JSON,stringify,NO,90-transversal
90-transversal/correcciones/ISSUES-CRITICOS.md,gamification_system,leaderboards,SI,90-transversal
90-transversal/correcciones/ISSUES-CRITICOS.md,gamification_system,achievements,SI,90-transversal
90-transversal/correcciones/ISSUES-CRITICOS.md,current_rank,toUpperCase,NO,90-transversal
90-transversal/correcciones/ISSUES-CRITICOS.md,Connection,parseE,NO,90-transversal
90-transversal/correcciones/ISSUES-CRITICOS.md,social_features,team_members,SI,90-transversal
90-transversal/correcciones/ISSUES-CRITICOS.md,crypto,createHash,NO,90-transversal
90-transversal/correcciones/ISSUES-CRITICOS.md,router,post,NO,90-transversal
90-transversal/correcciones/ISSUES-CRITICOS.md,router,get,NO,90-transversal
90-transversal/correcciones/ISSUES-CRITICOS.md,DOMPurify,sanitize,NO,90-transversal
90-transversal/correcciones/ISSUES-CRITICOS.md,sessionService,validateSession,NO,90-transversal
90-transversal/correcciones/ISSUES-CRITICOS.md,res,cookie,NO,90-transversal
90-transversal/correcciones/ISSUES-CRITICOS.md,localStorage,removeItem,NO,90-transversal
90-transversal/correcciones/ISSUES-CRITICOS.md,gamification_system,badges,SI,90-transversal
90-transversal/correcciones/ISSUES-CRITICOS.md,service,ts,SI,90-transversal
90-transversal/correcciones/ISSUES-CRITICOS.md,educational_content,submissions,SI,90-transversal
90-transversal/correcciones/ISSUES-CRITICOS.md,pool,query,NO,90-transversal
90-transversal/correcciones/ISSUES-CRITICOS.md,localStorage,getItem,NO,90-transversal
03-fase-extensiones/EXT-007-lti-integration/README.md,auth_management,tenants,SI,03-fase-extensiones
03-fase-extensiones/EXT-007-lti-integration/README.md,lti_integration,lti_resources,NO,03-fase-extensiones
03-fase-extensiones/EXT-007-lti-integration/README.md,lti_integration,lti_grade_passback_log,NO,03-fase-extensiones
03-fase-extensiones/EXT-007-lti-integration/README.md,auth_management,users,SI,03-fase-extensiones
03-fase-extensiones/EXT-007-lti-integration/README.md,lti_integration,lti_platforms,NO,03-fase-extensiones
03-fase-extensiones/EXT-007-lti-integration/README.md,educational_content,exercises,SI,03-fase-extensiones
03-fase-extensiones/EXT-007-lti-integration/README.md,lti_integration,lti_contexts,NO,03-fase-extensiones
03-fase-extensiones/EXT-007-lti-integration/README.md,educational_content,modules,SI,03-fase-extensiones
03-fase-extensiones/EXT-007-lti-integration/README.md,lti_integration,lti_launches,NO,03-fase-extensiones
03-fase-extensiones/EXT-007-lti-integration/historias-usuario/US-LTI-002-grade-passback.md,ExerciseService,completeAttempt,NO,03-fase-extensiones
03-fase-extensiones/EXT-007-lti-integration/historias-usuario/US-LTI-002-grade-passback.md,ltiService,getLTIContext,NO,03-fase-extensiones
03-fase-extensiones/EXT-007-lti-integration/historias-usuario/US-LTI-002-grade-passback.md,exerciseService,getAttempt,NO,03-fase-extensiones
03-fase-extensiones/EXT-007-lti-integration/historias-usuario/US-LTI-002-grade-passback.md,this,logGradePassback,NO,03-fase-extensiones
03-fase-extensiones/EXT-007-lti-integration/historias-usuario/US-LTI-002-grade-passback.md,this,getAccessToken,NO,03-fase-extensiones
03-fase-extensiones/EXT-007-lti-integration/historias-usuario/US-LTI-002-grade-passback.md,axios,post,NO,03-fase-extensiones
03-fase-extensiones/EXT-007-lti-integration/historias-usuario/US-LTI-001-oidc-login.md,ltiService,findPlatformByIssuer,NO,03-fase-extensiones
03-fase-extensiones/EXT-007-lti-integration/historias-usuario/US-LTI-001-oidc-login.md,auth_management,users,SI,03-fase-extensiones
03-fase-extensiones/EXT-007-lti-integration/historias-usuario/US-LTI-001-oidc-login.md,JSON,stringify,NO,03-fase-extensiones
03-fase-extensiones/EXT-007-lti-integration/historias-usuario/US-LTI-001-oidc-login.md,searchParams,set,NO,03-fase-extensiones
03-fase-extensiones/EXT-007-lti-integration/historias-usuario/US-LTI-001-oidc-login.md,authUrl,toString,NO,03-fase-extensiones
03-fase-extensiones/EXT-007-lti-integration/historias-usuario/US-LTI-001-oidc-login.md,cryptoService,generateSecureToken,NO,03-fase-extensiones
03-fase-extensiones/EXT-007-lti-integration/historias-usuario/US-LTI-001-oidc-login.md,redis,setex,NO,03-fase-extensiones
03-fase-extensiones/EXT-010-parent-notifications/README.md,auth_management,parent_accounts,NO,03-fase-extensiones
03-fase-extensiones/EXT-010-parent-notifications/README.md,notifications,parent_notifications,NO,03-fase-extensiones
03-fase-extensiones/EXT-010-parent-notifications/README.md,auth_management,users,SI,03-fase-extensiones
03-fase-extensiones/EXT-003-notificaciones/README.md,README,md,NO,03-fase-extensiones
03-fase-extensiones/EXT-003-notificaciones/historias-usuario/US-NOT-001b-notification-center.md,notifications,filter,NO,03-fase-extensiones
03-fase-extensiones/EXT-003-notificaciones/historias-usuario/US-NOT-001b-notification-center.md,socket,disconnect,NO,03-fase-extensiones
03-fase-extensiones/EXT-003-notificaciones/historias-usuario/US-NOT-001b-notification-center.md,notificationTypes,forEach,NO,03-fase-extensiones
03-fase-extensiones/EXT-003-notificaciones/historias-usuario/US-NOT-001b-notification-center.md,FULL,md,NO,03-fase-extensiones
03-fase-extensiones/EXT-003-notificaciones/historias-usuario/US-NOT-001b-notification-center.md,e,stopPropagation,NO,03-fase-extensiones
03-fase-extensiones/EXT-003-notificaciones/historias-usuario/US-NOT-001b-notification-center.md,type,startsWith,NO,03-fase-extensiones
03-fase-extensiones/EXT-003-notificaciones/historias-usuario/US-NOT-001b-notification-center.md,type,split,NO,03-fase-extensiones
03-fase-extensiones/EXT-003-notificaciones/historias-usuario/US-NOT-001b-notification-center.md,socket,on,NO,03-fase-extensiones
03-fase-extensiones/EXT-003-notificaciones/historias-usuario/US-NOT-001a-websocket-infrastructure.md,console,log,NO,03-fase-extensiones
03-fase-extensiones/EXT-003-notificaciones/historias-usuario/US-NOT-001a-websocket-infrastructure.md,notifications,create,SI,03-fase-extensiones
03-fase-extensiones/EXT-003-notificaciones/historias-usuario/US-NOT-001a-websocket-infrastructure.md,pubClient,duplicate,NO,03-fase-extensiones
03-fase-extensiones/EXT-003-notificaciones/historias-usuario/US-NOT-001a-websocket-infrastructure.md,socket,join,NO,03-fase-extensiones
03-fase-extensiones/EXT-003-notificaciones/historias-usuario/US-NOT-001a-websocket-infrastructure.md,priorityQueue,add,NO,03-fase-extensiones
03-fase-extensiones/EXT-003-notificaciones/historias-usuario/US-NOT-001a-websocket-infrastructure.md,io,on,SI,03-fase-extensiones
03-fase-extensiones/EXT-003-notificaciones/historias-usuario/US-NOT-001a-websocket-infrastructure.md,rateLimiter,check,NO,03-fase-extensiones
03-fase-extensiones/EXT-003-notificaciones/historias-usuario/US-NOT-001a-websocket-infrastructure.md,notifications,findMany,NO,03-fase-extensiones
03-fase-extensiones/EXT-003-notificaciones/historias-usuario/US-NOT-001a-websocket-infrastructure.md,io,to,SI,03-fase-extensiones
03-fase-extensiones/EXT-003-notificaciones/historias-usuario/US-NOT-001a-websocket-infrastructure.md,this,checkDuplicate,NO,03-fase-extensiones
03-fase-extensiones/EXT-003-notificaciones/historias-usuario/US-NOT-001a-websocket-infrastructure.md,FULL,md,NO,03-fase-extensiones
03-fase-extensiones/EXT-003-notificaciones/historias-usuario/US-NOT-001a-websocket-infrastructure.md,NotificationService,getUnread,NO,03-fase-extensiones
03-fase-extensiones/EXT-003-notificaciones/historias-usuario/US-NOT-001a-websocket-infrastructure.md,io,adapter,NO,03-fase-extensiones
03-fase-extensiones/EXT-003-notificaciones/historias-usuario/US-NOT-001a-websocket-infrastructure.md,socket,emit,NO,03-fase-extensiones
03-fase-extensiones/EXT-003-notificaciones/historias-usuario/US-NOT-001a-websocket-infrastructure.md,io,use,SI,03-fase-extensiones
03-fase-extensiones/EXT-003-notificaciones/historias-usuario/US-NOT-001a-websocket-infrastructure.md,socket,on,NO,03-fase-extensiones
03-fase-extensiones/EXT-003-notificaciones/historias-usuario/US-NOT-001c-preferences-management.md,preferencesService,updatePreferences,NO,03-fase-extensiones
03-fase-extensiones/EXT-003-notificaciones/historias-usuario/US-NOT-001c-preferences-management.md,preferencesService,getPreferences,NO,03-fase-extensiones
03-fase-extensiones/EXT-003-notificaciones/historias-usuario/US-NOT-001c-preferences-management.md,z,object,SI,03-fase-extensiones
03-fase-extensiones/EXT-003-notificaciones/historias-usuario/US-NOT-001c-preferences-management.md,FULL,md,NO,03-fase-extensiones
03-fase-extensiones/EXT-003-notificaciones/historias-usuario/US-NOT-001c-preferences-management.md,subscription,unsubscribe,NO,03-fase-extensiones
03-fase-extensiones/EXT-003-notificaciones/historias-usuario/US-NOT-001c-preferences-management.md,preferencesService,resetToDefaults,NO,03-fase-extensiones
03-fase-extensiones/EXT-003-notificaciones/historias-usuario/US-NOT-001c-preferences-management.md,z,boolean,SI,03-fase-extensiones
03-fase-extensiones/EXT-003-notificaciones/historias-usuario/US-NOT-001c-preferences-management.md,z,enum,NO,03-fase-extensiones
03-fase-extensiones/EXT-005-reportes/README.md,README,md,NO,03-fase-extensiones
03-fase-extensiones/EXT-005-reportes/historias-usuario/US-REP-004-data-warehouse-etl.md,airflow,operators,NO,03-fase-extensiones
03-fase-extensiones/EXT-005-reportes/historias-usuario/US-REP-004-data-warehouse-etl.md,aprendizaje,md,NO,03-fase-extensiones
03-fase-extensiones/EXT-005-reportes/historias-usuario/US-REP-003-analytics-predictivo.md,transform,py,NO,03-fase-extensiones
03-fase-extensiones/EXT-005-reportes/historias-usuario/US-REP-003-analytics-predictivo.md,api,py,NO,03-fase-extensiones
03-fase-extensiones/EXT-005-reportes/historias-usuario/US-REP-003-analytics-predictivo.md,aprendizaje,md,NO,03-fase-extensiones
03-fase-extensiones/EXT-005-reportes/historias-usuario/US-REP-003-analytics-predictivo.md,risk_predictor,py,NO,03-fase-extensiones
03-fase-extensiones/EXT-005-reportes/historias-usuario/US-REP-003-analytics-predictivo.md,predictor,py,NO,03-fase-extensiones
03-fase-extensiones/EXT-005-reportes/historias-usuario/US-REP-003-analytics-predictivo.md,explainability,py,NO,03-fase-extensiones
03-fase-extensiones/EXT-005-reportes/historias-usuario/US-REP-003-analytics-predictivo.md,extract,py,NO,03-fase-extensiones
03-fase-extensiones/EXT-005-reportes/historias-usuario/US-REP-003-analytics-predictivo.md,recommendation_engine,py,NO,03-fase-extensiones
03-fase-extensiones/EXT-005-reportes/historias-usuario/US-REP-003-analytics-predictivo.md,completion_projector,py,NO,03-fase-extensiones
03-fase-extensiones/EXT-005-reportes/historias-usuario/US-REP-003-analytics-predictivo.md,score_forecaster,py,NO,03-fase-extensiones
03-fase-extensiones/EXT-005-reportes/historias-usuario/US-REP-003-analytics-predictivo.md,load,py,SI,03-fase-extensiones
03-fase-extensiones/EXT-005-reportes/historias-usuario/US-REP-002-analytics-admin.md,page,md,NO,03-fase-extensiones
03-fase-extensiones/EXT-006-contenido/README.md,README,md,NO,03-fase-extensiones
03-fase-extensiones/EXT-006-contenido/historias-usuario/US-CONT-005-import-export.md,Mammoth,js,NO,03-fase-extensiones
03-fase-extensiones/EXT-006-contenido/historias-usuario/US-CONT-005-import-export.md,PDF,js,NO,03-fase-extensiones
03-fase-extensiones/EXT-006-contenido/historias-usuario/US-CONT-001-editor-wysiwyg.md,page,md,NO,03-fase-extensiones
03-fase-extensiones/EXT-009-peer-challenges/README.md,auth_management,users,SI,03-fase-extensiones
03-fase-extensiones/EXT-009-peer-challenges/README.md,progress_tracking,exercise_attempts,SI,03-fase-extensiones
03-fase-extensiones/EXT-009-peer-challenges/README.md,educational_content,exercises,SI,03-fase-extensiones
03-fase-extensiones/EXT-009-peer-challenges/README.md,social_features,peer_challenges,NO,03-fase-extensiones
03-fase-extensiones/EXT-009-peer-challenges/README.md,social_features,challenge_attempts,NO,03-fase-extensiones
03-fase-extensiones/EXT-004-perfiles/README.md,README,md,NO,03-fase-extensiones
03-fase-extensiones/EXT-004-perfiles/historias-usuario/US-PERF-003-accesibilidad-gamificacion.md,page,md,NO,03-fase-extensiones
03-fase-extensiones/EXT-004-perfiles/historias-usuario/US-PERF-001-personalizacion-perfil.md,page,md,NO,03-fase-extensiones
03-fase-extensiones/EXT-004-perfiles/historias-usuario/US-PERF-002-seguridad-cuenta.md,page,md,NO,03-fase-extensiones
03-fase-extensiones/EXT-001-portal-maestros/README.md,README,md,NO,03-fase-extensiones
03-fase-extensiones/EXT-001-portal-maestros/_MAP.md,ProgressChart,tsx,NO,03-fase-extensiones
03-fase-extensiones/EXT-001-portal-maestros/_MAP.md,TeacherNotes,tsx,NO,03-fase-extensiones
03-fase-extensiones/EXT-001-portal-maestros/_MAP.md,GradingInterface,tsx,NO,03-fase-extensiones
03-fase-extensiones/EXT-001-portal-maestros/_MAP.md,ClassroomList,tsx,NO,03-fase-extensiones
03-fase-extensiones/EXT-001-portal-maestros/_MAP.md,social_features,classroom_enrollments,NO,03-fase-extensiones
03-fase-extensiones/EXT-001-portal-maestros/_MAP.md,educational_content,assignment_submissions,NO,03-fase-extensiones
03-fase-extensiones/EXT-001-portal-maestros/_MAP.md,educational_content,assignments,SI,03-fase-extensiones
03-fase-extensiones/EXT-001-portal-maestros/_MAP.md,ReportGenerator,tsx,NO,03-fase-extensiones
03-fase-extensiones/EXT-001-portal-maestros/_MAP.md,GradingQueue,tsx,NO,03-fase-extensiones
03-fase-extensiones/EXT-001-portal-maestros/_MAP.md,AssignmentCreator,tsx,NO,03-fase-extensiones
03-fase-extensiones/EXT-001-portal-maestros/_MAP.md,progress_tracking,teacher_notes,SI,03-fase-extensiones
03-fase-extensiones/EXT-001-portal-maestros/_MAP.md,social_features,classrooms,SI,03-fase-extensiones
03-fase-extensiones/EXT-001-portal-maestros/_MAP.md,ClassroomDetail,tsx,NO,03-fase-extensiones
03-fase-extensiones/EXT-001-portal-maestros/_MAP.md,EngagementMetrics,tsx,NO,03-fase-extensiones
03-fase-extensiones/EXT-001-portal-maestros/_MAP.md,StudentEnrollment,tsx,NO,03-fase-extensiones
03-fase-extensiones/EXT-001-portal-maestros/_MAP.md,ClassroomAnalytics,tsx,NO,03-fase-extensiones
03-fase-extensiones/EXT-001-portal-maestros/requerimientos/RF-TEACH-002-assignment-system.md,assignments,teacher_id,SI,03-fase-extensiones
03-fase-extensiones/EXT-001-portal-maestros/requerimientos/RF-TEACH-002-assignment-system.md,public,assignment_students,SI,03-fase-extensiones
03-fase-extensiones/EXT-001-portal-maestros/requerimientos/RF-TEACH-002-assignment-system.md,assignment_exercises,exercise_id,SI,03-fase-extensiones
03-fase-extensiones/EXT-001-portal-maestros/requerimientos/RF-TEACH-002-assignment-system.md,public,assignment_exercises,SI,03-fase-extensiones
03-fase-extensiones/EXT-001-portal-maestros/requerimientos/RF-TEACH-002-assignment-system.md,auth,users,SI,03-fase-extensiones
03-fase-extensiones/EXT-001-portal-maestros/requerimientos/RF-TEACH-002-assignment-system.md,assignment_submissions,student_id,SI,03-fase-extensiones
03-fase-extensiones/EXT-001-portal-maestros/requerimientos/RF-TEACH-002-assignment-system.md,assignment_students,student_id,SI,03-fase-extensiones
03-fase-extensiones/EXT-001-portal-maestros/requerimientos/RF-TEACH-002-assignment-system.md,assignment_classrooms,classroom_id,SI,03-fase-extensiones
03-fase-extensiones/EXT-001-portal-maestros/requerimientos/RF-TEACH-002-assignment-system.md,educational_content,exercises,SI,03-fase-extensiones
03-fase-extensiones/EXT-001-portal-maestros/requerimientos/RF-TEACH-002-assignment-system.md,TRACEABILITY,yml,NO,03-fase-extensiones
03-fase-extensiones/EXT-001-portal-maestros/requerimientos/RF-TEACH-002-assignment-system.md,assignment_submissions,graded_by,SI,03-fase-extensiones
03-fase-extensiones/EXT-001-portal-maestros/requerimientos/RF-TEACH-002-assignment-system.md,public,teacher_notes,SI,03-fase-extensiones
03-fase-extensiones/EXT-001-portal-maestros/requerimientos/RF-TEACH-002-assignment-system.md,public,assignment_classrooms,SI,03-fase-extensiones
03-fase-extensiones/EXT-001-portal-maestros/requerimientos/RF-TEACH-002-assignment-system.md,public,assignments,SI,03-fase-extensiones
03-fase-extensiones/EXT-001-portal-maestros/requerimientos/RF-TEACH-002-assignment-system.md,social_features,classrooms,SI,03-fase-extensiones
03-fase-extensiones/EXT-001-portal-maestros/requerimientos/RF-TEACH-002-assignment-system.md,public,assignment_submissions,SI,03-fase-extensiones
03-fase-extensiones/EXT-001-portal-maestros/historias-usuario/US-PM-003a-grading-queue.md,now,getTime,NO,03-fase-extensiones
03-fase-extensiones/EXT-001-portal-maestros/historias-usuario/US-PM-003a-grading-queue.md,submittedAt,getTime,NO,03-fase-extensiones
03-fase-extensiones/EXT-001-portal-maestros/historias-usuario/US-PM-003a-grading-queue.md,Math,abs,NO,03-fase-extensiones
03-fase-extensiones/EXT-001-portal-maestros/historias-usuario/US-PM-003a-grading-queue.md,Math,ceil,NO,03-fase-extensiones
03-fase-extensiones/EXT-001-portal-maestros/historias-usuario/US-PM-003a-grading-queue.md,FULL,md,NO,03-fase-extensiones
03-fase-extensiones/EXT-001-portal-maestros/historias-usuario/US-PM-003b-grading-interface.md,FULL,md,NO,03-fase-extensiones
03-fase-extensiones/EXT-001-portal-maestros/historias-usuario/US-PM-001b-student-enrollment.md,FULL,md,NO,03-fase-extensiones
03-fase-extensiones/EXT-001-portal-maestros/historias-usuario/US-PM-005c-engagement-metrics.md,FULL,md,NO,03-fase-extensiones
03-fase-extensiones/EXT-001-portal-maestros/historias-usuario/US-PM-005c-engagement-metrics.md,Math,round,NO,03-fase-extensiones
03-fase-extensiones/EXT-001-portal-maestros/historias-usuario/US-PM-005c-engagement-metrics.md,Math,min,NO,03-fase-extensiones
03-fase-extensiones/EXT-001-portal-maestros/historias-usuario/US-PM-004b-teacher-notes.md,FULL,md,NO,03-fase-extensiones
03-fase-extensiones/EXT-001-portal-maestros/historias-usuario/US-PM-004b-teacher-notes.md,DOMPurify,sanitize,NO,03-fase-extensiones
03-fase-extensiones/EXT-001-portal-maestros/historias-usuario/US-PM-005b-report-generation.md,FULL,md,NO,03-fase-extensiones
03-fase-extensiones/EXT-001-portal-maestros/historias-usuario/US-PM-004a-progress-analytics.md,FULL,md,NO,03-fase-extensiones
03-fase-extensiones/EXT-001-portal-maestros/historias-usuario/US-PM-002b-assignment-distribution.md,FULL,md,NO,03-fase-extensiones
03-fase-extensiones/EXT-001-portal-maestros/historias-usuario/US-PM-005a-classroom-analytics.md,FULL,md,NO,03-fase-extensiones
03-fase-extensiones/EXT-001-portal-maestros/historias-usuario/US-PM-002c-submissions-view.md,FULL,md,NO,03-fase-extensiones
03-fase-extensiones/EXT-001-portal-maestros/historias-usuario/US-PM-002a-assignment-crud.md,FULL,md,NO,03-fase-extensiones
03-fase-extensiones/EXT-001-portal-maestros/historias-usuario/US-PM-002a-assignment-crud.md,DOMPurify,sanitize,NO,03-fase-extensiones
03-fase-extensiones/EXT-001-portal-maestros/historias-usuario/US-PM-001a-classroom-crud.md,FULL,md,NO,03-fase-extensiones
03-fase-extensiones/EXT-008-white-label/README.md,auth_management,tenants,SI,03-fase-extensiones
03-fase-extensiones/EXT-008-white-label/README.md,system_configuration,tenant_branding,NO,03-fase-extensiones
03-fase-extensiones/EXT-002-admin-extendido/README.md,README,md,NO,03-fase-extensiones
02-fase-robustecimiento/_MAP.md,DATABASE_INVENTORY,csv,NO,02-fase-robustecimiento
02-fase-robustecimiento/EMR-001-migracion-bd/README.md,README,md,NO,02-fase-robustecimiento
02-fase-robustecimiento/EMR-001-migracion-bd/_MAP.md,INSTALACION,md,NO,02-fase-robustecimiento
02-fase-robustecimiento/EMR-001-migracion-bd/_MAP.md,TRACEABILITY,yml,NO,02-fase-robustecimiento
02-fase-robustecimiento/EMR-001-migracion-bd/_MAP.md,TABLAS,md,NO,02-fase-robustecimiento
02-fase-robustecimiento/EMR-001-migracion-bd/_MAP.md,SEED,md,NO,02-fase-robustecimiento
02-fase-robustecimiento/EMR-001-migracion-bd/_MAP.md,DATABASE_INVENTORY,csv,NO,02-fase-robustecimiento
02-fase-robustecimiento/EMR-001-migracion-bd/_MAP.md,HISTORICO,md,NO,02-fase-robustecimiento
02-fase-robustecimiento/EMR-001-migracion-bd/tareas/01-migraciones/MIGRACIONES-HISTORICO.md,teacher_module,assignment_exercises,NO,02-fase-robustecimiento
02-fase-robustecimiento/EMR-001-migracion-bd/tareas/01-migraciones/MIGRACIONES-HISTORICO.md,gamification_system,user_ranks,SI,02-fase-robustecimiento
02-fase-robustecimiento/EMR-001-migracion-bd/tareas/01-migraciones/MIGRACIONES-HISTORICO.md,gamification_system,user_stats,SI,02-fase-robustecimiento
02-fase-robustecimiento/EMR-001-migracion-bd/tareas/01-migraciones/MIGRACIONES-HISTORICO.md,auth,users,SI,02-fase-robustecimiento
02-fase-robustecimiento/EMR-001-migracion-bd/tareas/01-migraciones/MIGRACIONES-HISTORICO.md,teacher_module,assignment_classrooms,NO,02-fase-robustecimiento
02-fase-robustecimiento/EMR-001-migracion-bd/tareas/01-migraciones/MIGRACIONES-HISTORICO.md,teacher_module,assignments,NO,02-fase-robustecimiento
02-fase-robustecimiento/EMR-001-migracion-bd/tareas/01-migraciones/MIGRACIONES-HISTORICO.md,teacher_module,classroom_students,NO,02-fase-robustecimiento
02-fase-robustecimiento/EMR-001-migracion-bd/tareas/01-migraciones/MIGRACIONES-HISTORICO.md,teacher_module,assignment_students,NO,02-fase-robustecimiento
02-fase-robustecimiento/EMR-001-migracion-bd/tareas/01-migraciones/MIGRACIONES-HISTORICO.md,gamification_system,missions,SI,02-fase-robustecimiento
02-fase-robustecimiento/EMR-001-migracion-bd/tareas/01-migraciones/MIGRACIONES-HISTORICO.md,auth_management,profiles,SI,02-fase-robustecimiento
02-fase-robustecimiento/EMR-001-migracion-bd/tareas/01-migraciones/MIGRACIONES-HISTORICO.md,social_features,classrooms,SI,02-fase-robustecimiento
02-fase-robustecimiento/EMR-001-migracion-bd/tareas/01-migraciones/MIGRACIONES-HISTORICO.md,teacher_module,classrooms,NO,02-fase-robustecimiento
02-fase-robustecimiento/EMR-001-migracion-bd/tareas/01-migraciones/MIGRACIONES-HISTORICO.md,teacher_module,assignment_submissions,NO,02-fase-robustecimiento
02-fase-robustecimiento/EMR-001-migracion-bd/tareas/01-migraciones/MIGRACIONES-HISTORICO.md,auth_management,user_sessions,SI,02-fase-robustecimiento
02-fase-robustecimiento/EMR-001-migracion-bd/tareas/03-documentacion/ESQUEMA-44-TABLAS.md,gamification_system,user_ranks,SI,02-fase-robustecimiento
02-fase-robustecimiento/EMR-001-migracion-bd/tareas/03-documentacion/ESQUEMA-44-TABLAS.md,social_features,schools,SI,02-fase-robustecimiento
02-fase-robustecimiento/EMR-001-migracion-bd/tareas/03-documentacion/ESQUEMA-44-TABLAS.md,social_features,classrooms,SI,02-fase-robustecimiento
02-fase-robustecimiento/EMR-001-migracion-bd/tareas/03-documentacion/ESQUEMA-44-TABLAS.md,gamilit,now_mexico,SI,02-fase-robustecimiento
02-fase-robustecimiento/EMR-001-migracion-bd/tareas/03-documentacion/ESQUEMA-44-TABLAS.md,gamification_system,user_stats,SI,02-fase-robustecimiento
02-fase-robustecimiento/EMR-001-migracion-bd/tareas/03-documentacion/ESQUEMA-44-TABLAS.md,progress_tracking,exercise_attempts,SI,02-fase-robustecimiento
02-fase-robustecimiento/EMR-001-migracion-bd/tareas/03-documentacion/ESQUEMA-44-TABLAS.md,auth,users,SI,02-fase-robustecimiento
02-fase-robustecimiento/EMR-001-migracion-bd/tareas/03-documentacion/ESQUEMA-44-TABLAS.md,educational_content,exercises,SI,02-fase-robustecimiento
02-fase-robustecimiento/EMR-001-migracion-bd/tareas/03-documentacion/ESQUEMA-44-TABLAS.md,auth_management,profiles,SI,02-fase-robustecimiento
02-fase-robustecimiento/EMR-001-migracion-bd/tareas/03-documentacion/ESQUEMA-44-TABLAS.md,social_features,teams,SI,02-fase-robustecimiento
02-fase-robustecimiento/EMR-001-migracion-bd/tareas/03-documentacion/ESQUEMA-44-TABLAS.md,gamification_system,ml_coins_transactions,SI,02-fase-robustecimiento
02-fase-robustecimiento/EMR-001-migracion-bd/tareas/03-documentacion/ESQUEMA-44-TABLAS.md,progress_tracking,module_progress,SI,02-fase-robustecimiento
02-fase-robustecimiento/EMR-001-migracion-bd/tareas/03-documentacion/ESQUEMA-44-TABLAS.md,educational_content,modules,SI,02-fase-robustecimiento
02-fase-robustecimiento/EMR-001-migracion-bd/tareas/03-documentacion/ESQUEMA-44-TABLAS.md,social_features,classroom_members,SI,02-fase-robustecimiento
02-fase-robustecimiento/EMR-001-migracion-bd/tareas/03-documentacion/ESQUEMA-44-TABLAS.md,auth_management,user_sessions,SI,02-fase-robustecimiento
02-fase-robustecimiento/EMR-001-migracion-bd/tareas/03-documentacion/INDICES-PARTE-2.md,gamification_system,user_ranks,SI,02-fase-robustecimiento
02-fase-robustecimiento/EMR-001-migracion-bd/tareas/03-documentacion/INDICES-PARTE-2.md,gamification_system,user_stats,SI,02-fase-robustecimiento
02-fase-robustecimiento/EMR-001-migracion-bd/tareas/03-documentacion/INDICES-PARTE-2.md,auth_management,profiles,SI,02-fase-robustecimiento
02-fase-robustecimiento/EMR-001-migracion-bd/tareas/02-scripts/DATOS-SEED.md,educational_content,exercises,SI,02-fase-robustecimiento
02-fase-robustecimiento/EMR-001-migracion-bd/tareas/02-scripts/DATOS-SEED.md,auth_management,profiles,SI,02-fase-robustecimiento
02-fase-robustecimiento/EMR-001-migracion-bd/tareas/02-scripts/DATOS-SEED.md,system_configuration,system_settings,SI,02-fase-robustecimiento
02-fase-robustecimiento/EMR-001-migracion-bd/tareas/02-scripts/DATOS-SEED.md,gamification_system,achievements,SI,02-fase-robustecimiento
02-fase-robustecimiento/EMR-001-migracion-bd/tareas/02-scripts/DATOS-SEED.md,educational_content,modules,SI,02-fase-robustecimiento
02-fase-robustecimiento/EMR-001-migracion-bd/tareas/02-scripts/SCRIPTS-INSTALACION.md,information_schema,triggers,SI,02-fase-robustecimiento
02-fase-robustecimiento/EMR-001-migracion-bd/tareas/02-scripts/SCRIPTS-INSTALACION.md,information_schema,routines,SI,02-fase-robustecimiento
02-fase-robustecimiento/EMR-001-migracion-bd/tareas/02-scripts/SCRIPTS-INSTALACION.md,system_configuration,system_settings,SI,02-fase-robustecimiento
02-fase-robustecimiento/EMR-001-migracion-bd/tareas/02-scripts/SCRIPTS-INSTALACION.md,system_configuration,feature_flags,SI,02-fase-robustecimiento
02-fase-robustecimiento/EMR-001-migracion-bd/tareas/02-scripts/SCRIPTS-INSTALACION.md,gamification_system,achievements,SI,02-fase-robustecimiento
02-fase-robustecimiento/EMR-001-migracion-bd/tareas/02-scripts/SCRIPTS-INSTALACION.md,information_schema,schemata,NO,02-fase-robustecimiento
02-fase-robustecimiento/EMR-001-migracion-bd/tareas/02-scripts/SCRIPTS-INSTALACION.md,educational_content,modules,SI,02-fase-robustecimiento
02-fase-robustecimiento/EMR-001-migracion-bd/tareas/02-scripts/SCRIPTS-INSTALACION.md,information_schema,tables,SI,02-fase-robustecimiento
01-fase-alcance-inicial/EAI-006-configuracion-sistema/requerimientos/RF-SYS-003-notifications.md,system_configuration,notification_settings,SI,01-fase-alcance-inicial
01-fase-alcance-inicial/EAI-006-configuracion-sistema/requerimientos/RF-SYS-002-feature-flags.md,system_configuration,feature_flags,SI,01-fase-alcance-inicial
01-fase-alcance-inicial/EAI-006-configuracion-sistema/requerimientos/RF-SYS-001-settings.md,system_configuration,system_settings,SI,01-fase-alcance-inicial
01-fase-alcance-inicial/EAI-001-fundamentos/README.md,README,md,NO,01-fase-alcance-inicial
01-fase-alcance-inicial/EAI-001-fundamentos/especificaciones/ET-AUTH-001-rbac.md,context,getClass,NO,01-fase-alcance-inicial
01-fase-alcance-inicial/EAI-001-fundamentos/especificaciones/ET-AUTH-001-rbac.md,auth_management,profiles,SI,01-fase-alcance-inicial
01-fase-alcance-inicial/EAI-001-fundamentos/especificaciones/ET-AUTH-001-rbac.md,gamilit,get_current_user_id,SI,01-fase-alcance-inicial
01-fase-alcance-inicial/EAI-001-fundamentos/especificaciones/ET-AUTH-001-rbac.md,context,getHandler,NO,01-fase-alcance-inicial
01-fase-alcance-inicial/EAI-001-fundamentos/especificaciones/ET-AUTH-001-rbac.md,progress_tracking,learning_sessions,SI,01-fase-alcance-inicial
01-fase-alcance-inicial/EAI-001-fundamentos/especificaciones/ET-AUTH-001-rbac.md,educational_content,modules,SI,01-fase-alcance-inicial
01-fase-alcance-inicial/EAI-001-fundamentos/especificaciones/ET-AUTH-001-rbac.md,gamification_system,user_stats,SI,01-fase-alcance-inicial
01-fase-alcance-inicial/EAI-001-fundamentos/especificaciones/ET-AUTH-001-rbac.md,requiredRoles,some,NO,01-fase-alcance-inicial
01-fase-alcance-inicial/EAI-001-fundamentos/especificaciones/ET-AUTH-001-rbac.md,auth,users,SI,01-fase-alcance-inicial
01-fase-alcance-inicial/EAI-001-fundamentos/especificaciones/ET-AUTH-001-rbac.md,gamilit,get_current_user_role,SI,01-fase-alcance-inicial
01-fase-alcance-inicial/EAI-001-fundamentos/especificaciones/ET-AUTH-001-rbac.md,educational_content,exercises,SI,01-fase-alcance-inicial
01-fase-alcance-inicial/EAI-001-fundamentos/especificaciones/ET-AUTH-001-rbac.md,app,getHttpServer,NO,01-fase-alcance-inicial
01-fase-alcance-inicial/EAI-001-fundamentos/especificaciones/ET-AUTH-001-rbac.md,progress_tracking,exercise_attempts,SI,01-fase-alcance-inicial
01-fase-alcance-inicial/EAI-001-fundamentos/especificaciones/ET-AUTH-001-rbac.md,guard,canActivate,NO,01-fase-alcance-inicial
01-fase-alcance-inicial/EAI-001-fundamentos/especificaciones/ET-AUTH-001-rbac.md,progress_tracking,exercise_submissions,SI,01-fase-alcance-inicial
01-fase-alcance-inicial/EAI-001-fundamentos/especificaciones/ET-AUTH-001-rbac.md,social_features,classroom_members,SI,01-fase-alcance-inicial
01-fase-alcance-inicial/EAI-001-fundamentos/especificaciones/ET-AUTH-001-rbac.md,gamilit,now_mexico,SI,01-fase-alcance-inicial
01-fase-alcance-inicial/EAI-001-fundamentos/especificaciones/ET-AUTH-001-rbac.md,allowedRoles,includes,NO,01-fase-alcance-inicial
01-fase-alcance-inicial/EAI-001-fundamentos/especificaciones/ET-AUTH-001-rbac.md,progress_tracking,module_progress,SI,01-fase-alcance-inicial
01-fase-alcance-inicial/EAI-001-fundamentos/especificaciones/ET-AUTH-001-rbac.md,context,switchToHttp,NO,01-fase-alcance-inicial
01-fase-alcance-inicial/EAI-001-fundamentos/especificaciones/ET-AUTH-001-rbac.md,gamilit,is_admin,SI,01-fase-alcance-inicial
01-fase-alcance-inicial/EAI-001-fundamentos/especificaciones/ET-AUTH-003-oauth.md,redis,del,NO,01-fase-alcance-inicial
01-fase-alcance-inicial/EAI-001-fundamentos/especificaciones/ET-AUTH-003-oauth.md,email,includes,NO,01-fase-alcance-inicial
01-fase-alcance-inicial/EAI-001-fundamentos/especificaciones/ET-AUTH-003-oauth.md,auth_management,profiles,SI,01-fase-alcance-inicial
01-fase-alcance-inicial/EAI-001-fundamentos/especificaciones/ET-AUTH-003-oauth.md,jwt,verify,NO,01-fase-alcance-inicial
01-fase-alcance-inicial/EAI-001-fundamentos/especificaciones/ET-AUTH-003-oauth.md,metricsService,increment,NO,01-fase-alcance-inicial
01-fase-alcance-inicial/EAI-001-fundamentos/especificaciones/ET-AUTH-003-oauth.md,authService,findOrCreateOAuthUser,NO,01-fase-alcance-inicial
01-fase-alcance-inicial/EAI-001-fundamentos/especificaciones/ET-AUTH-003-oauth.md,Date,now,SI,01-fase-alcance-inicial
01-fase-alcance-inicial/EAI-001-fundamentos/especificaciones/ET-AUTH-003-oauth.md,JSON,stringify,NO,01-fase-alcance-inicial
01-fase-alcance-inicial/EAI-001-fundamentos/especificaciones/ET-AUTH-003-oauth.md,redis,set,NO,01-fase-alcance-inicial
01-fase-alcance-inicial/EAI-001-fundamentos/especificaciones/ET-AUTH-003-oauth.md,res,redirect,SI,01-fase-alcance-inicial
01-fase-alcance-inicial/EAI-001-fundamentos/especificaciones/ET-AUTH-003-oauth.md,app,getHttpServer,NO,01-fase-alcance-inicial
01-fase-alcance-inicial/EAI-001-fundamentos/especificaciones/ET-AUTH-003-oauth.md,authService,generateJWT,NO,01-fase-alcance-inicial
01-fase-alcance-inicial/EAI-001-fundamentos/especificaciones/ET-AUTH-003-oauth.md,authService,createOAuthUser,NO,01-fase-alcance-inicial
01-fase-alcance-inicial/EAI-001-fundamentos/especificaciones/ET-AUTH-003-oauth.md,redis,get,NO,01-fase-alcance-inicial
01-fase-alcance-inicial/EAI-001-fundamentos/especificaciones/ET-AUTH-003-oauth.md,fs,readFileSync,NO,01-fase-alcance-inicial
01-fase-alcance-inicial/EAI-001-fundamentos/especificaciones/ET-AUTH-003-oauth.md,auth_management,auth_providers,SI,01-fase-alcance-inicial
01-fase-alcance-inicial/EAI-001-fundamentos/especificaciones/ET-AUTH-003-oauth.md,JSON,parse,NO,01-fase-alcance-inicial
01-fase-alcance-inicial/EAI-001-fundamentos/especificaciones/ET-AUTH-003-oauth.md,authService,findUserByProvider,NO,01-fase-alcance-inicial
01-fase-alcance-inicial/EAI-001-fundamentos/especificaciones/ET-AUTH-003-oauth.md,searchParams,get,NO,01-fase-alcance-inicial
01-fase-alcance-inicial/EAI-001-fundamentos/especificaciones/ET-AUTH-003-oauth.md,response,json,SI,01-fase-alcance-inicial
01-fase-alcance-inicial/EAI-001-fundamentos/especificaciones/ET-AUTH-003-oauth.md,auth_management,linked_providers,NO,01-fase-alcance-inicial
01-fase-alcance-inicial/EAI-001-fundamentos/especificaciones/ET-AUTH-003-oauth.md,client,getSigningKey,NO,01-fase-alcance-inicial
01-fase-alcance-inicial/EAI-001-fundamentos/especificaciones/ET-AUTH-002-estados-cuenta.md,api,post,SI,01-fase-alcance-inicial
01-fase-alcance-inicial/EAI-001-fundamentos/especificaciones/ET-AUTH-002-estados-cuenta.md,auth_management,profiles,SI,01-fase-alcance-inicial
01-fase-alcance-inicial/EAI-001-fundamentos/especificaciones/ET-AUTH-002-estados-cuenta.md,auth_management,verify_user_status,NO,01-fase-alcance-inicial
01-fase-alcance-inicial/EAI-001-fundamentos/especificaciones/ET-AUTH-002-estados-cuenta.md,profileRepo,findOne,NO,01-fase-alcance-inicial
01-fase-alcance-inicial/EAI-001-fundamentos/especificaciones/ET-AUTH-002-estados-cuenta.md,public,notifications,SI,01-fase-alcance-inicial
01-fase-alcance-inicial/EAI-001-fundamentos/especificaciones/ET-AUTH-002-estados-cuenta.md,profileRepo,query,NO,01-fase-alcance-inicial
01-fase-alcance-inicial/EAI-001-fundamentos/especificaciones/ET-AUTH-002-estados-cuenta.md,NEW,status,NO,01-fase-alcance-inicial
01-fase-alcance-inicial/EAI-001-fundamentos/especificaciones/ET-AUTH-002-estados-cuenta.md,auth_management,suspend_user,NO,01-fase-alcance-inicial
01-fase-alcance-inicial/EAI-001-fundamentos/especificaciones/ET-AUTH-002-estados-cuenta.md,auth,users,SI,01-fase-alcance-inicial
01-fase-alcance-inicial/EAI-001-fundamentos/especificaciones/ET-AUTH-002-estados-cuenta.md,path,startsWith,NO,01-fase-alcance-inicial
01-fase-alcance-inicial/EAI-001-fundamentos/especificaciones/ET-AUTH-002-estados-cuenta.md,auth_management,ban_user,NO,01-fase-alcance-inicial
01-fase-alcance-inicial/EAI-001-fundamentos/especificaciones/ET-AUTH-002-estados-cuenta.md,exemptPaths,some,NO,01-fase-alcance-inicial
01-fase-alcance-inicial/EAI-001-fundamentos/especificaciones/ET-AUTH-002-estados-cuenta.md,NEW,user_id,SI,01-fase-alcance-inicial
01-fase-alcance-inicial/EAI-001-fundamentos/especificaciones/ET-AUTH-002-estados-cuenta.md,auth_management,on_email_verified,NO,01-fase-alcance-inicial
01-fase-alcance-inicial/EAI-001-fundamentos/especificaciones/ET-AUTH-002-estados-cuenta.md,gamilit,now_mexico,SI,01-fase-alcance-inicial
01-fase-alcance-inicial/EAI-001-fundamentos/especificaciones/ET-AUTH-002-estados-cuenta.md,auth_management,blocked_emails,NO,01-fase-alcance-inicial
01-fase-alcance-inicial/EAI-001-fundamentos/especificaciones/ET-AUTH-002-estados-cuenta.md,audit_logging,log_status_change,NO,01-fase-alcance-inicial
01-fase-alcance-inicial/EAI-001-fundamentos/especificaciones/ET-AUTH-002-estados-cuenta.md,auth_management,reactivate_user,NO,01-fase-alcance-inicial
01-fase-alcance-inicial/EAI-001-fundamentos/especificaciones/ET-AUTH-002-estados-cuenta.md,audit_logging,audit_logs,SI,01-fase-alcance-inicial
01-fase-alcance-inicial/EAI-001-fundamentos/requerimientos/RF-AUTH-003-oauth.md,public,auth_provider,SI,01-fase-alcance-inicial
01-fase-alcance-inicial/EAI-001-fundamentos/requerimientos/RF-AUTH-003-oauth.md,auth,users,SI,01-fase-alcance-inicial
01-fase-alcance-inicial/EAI-001-fundamentos/requerimientos/RF-AUTH-003-oauth.md,auth,validate_oauth_token,NO,01-fase-alcance-inicial
01-fase-alcance-inicial/EAI-001-fundamentos/requerimientos/RF-AUTH-003-oauth.md,auth_management,profiles,SI,01-fase-alcance-inicial
01-fase-alcance-inicial/EAI-001-fundamentos/requerimientos/RF-AUTH-003-oauth.md,expect,objectContaining,NO,01-fase-alcance-inicial
01-fase-alcance-inicial/EAI-001-fundamentos/requerimientos/RF-AUTH-003-oauth.md,auth_management,linked_providers,NO,01-fase-alcance-inicial
01-fase-alcance-inicial/EAI-001-fundamentos/requerimientos/RF-AUTH-003-oauth.md,auth,get_available_providers,NO,01-fase-alcance-inicial
01-fase-alcance-inicial/EAI-001-fundamentos/requerimientos/RF-AUTH-003-oauth.md,app,getHttpServer,NO,01-fase-alcance-inicial
01-fase-alcance-inicial/EAI-001-fundamentos/requerimientos/RF-AUTH-003-oauth.md,allowedRedirects,includes,NO,01-fase-alcance-inicial
01-fase-alcance-inicial/EAI-001-fundamentos/requerimientos/RF-AUTH-003-oauth.md,auth_management,auth_providers,SI,01-fase-alcance-inicial
01-fase-alcance-inicial/EAI-001-fundamentos/requerimientos/RF-AUTH-002-estados-cuenta.md,auth_management,suspend_user,NO,01-fase-alcance-inicial
01-fase-alcance-inicial/EAI-001-fundamentos/requerimientos/RF-AUTH-002-estados-cuenta.md,profiles,status,SI,01-fase-alcance-inicial
01-fase-alcance-inicial/EAI-001-fundamentos/requerimientos/RF-AUTH-002-estados-cuenta.md,audit_logging,log_status_change,NO,01-fase-alcance-inicial
01-fase-alcance-inicial/EAI-001-fundamentos/requerimientos/RF-AUTH-002-estados-cuenta.md,notificationService,send,NO,01-fase-alcance-inicial
01-fase-alcance-inicial/EAI-001-fundamentos/requerimientos/RF-AUTH-002-estados-cuenta.md,api,post,SI,01-fase-alcance-inicial
01-fase-alcance-inicial/EAI-001-fundamentos/requerimientos/RF-AUTH-002-estados-cuenta.md,auth_management,reactivate_user,NO,01-fase-alcance-inicial
01-fase-alcance-inicial/EAI-001-fundamentos/requerimientos/RF-AUTH-002-estados-cuenta.md,auth_management,profiles,SI,01-fase-alcance-inicial
01-fase-alcance-inicial/EAI-001-fundamentos/requerimientos/RF-AUTH-002-estados-cuenta.md,auth_management,verify_user_status,NO,01-fase-alcance-inicial
01-fase-alcance-inicial/EAI-001-fundamentos/requerimientos/RF-AUTH-002-estados-cuenta.md,allowedPaths,includes,NO,01-fase-alcance-inicial
01-fase-alcance-inicial/EAI-001-fundamentos/requerimientos/RF-AUTH-002-estados-cuenta.md,auth_management,user_status,SI,01-fase-alcance-inicial
01-fase-alcance-inicial/EAI-001-fundamentos/requerimientos/RF-AUTH-002-estados-cuenta.md,auth_management,ban_user,NO,01-fase-alcance-inicial
01-fase-alcance-inicial/EAI-001-fundamentos/requerimientos/RF-AUTH-002-estados-cuenta.md,app,getHttpServer,NO,01-fase-alcance-inicial
01-fase-alcance-inicial/EAI-001-fundamentos/requerimientos/RF-AUTH-001-roles.md,auth,users,SI,01-fase-alcance-inicial
01-fase-alcance-inicial/EAI-001-fundamentos/requerimientos/RF-AUTH-001-roles.md,api,get,SI,01-fase-alcance-inicial
01-fase-alcance-inicial/EAI-001-fundamentos/requerimientos/RF-AUTH-001-roles.md,educational_content,modules,SI,01-fase-alcance-inicial
01-fase-alcance-inicial/EAI-001-fundamentos/requerimientos/RF-AUTH-001-roles.md,auth_management,profiles,SI,01-fase-alcance-inicial
01-fase-alcance-inicial/EAI-001-fundamentos/requerimientos/RF-AUTH-001-roles.md,system_configuration,feature_flags,SI,01-fase-alcance-inicial
01-fase-alcance-inicial/EAI-001-fundamentos/requerimientos/RF-AUTH-001-roles.md,gamilit,get_current_user_id,SI,01-fase-alcance-inicial
01-fase-alcance-inicial/EAI-001-fundamentos/requerimientos/RF-AUTH-001-roles.md,expect,objectContaining,NO,01-fase-alcance-inicial
01-fase-alcance-inicial/EAI-001-fundamentos/requerimientos/RF-AUTH-001-roles.md,audit_logging,audit_logs,SI,01-fase-alcance-inicial
01-fase-alcance-inicial/EAI-001-fundamentos/requerimientos/RF-AUTH-001-roles.md,progress_tracking,module_progress,SI,01-fase-alcance-inicial
01-fase-alcance-inicial/EAI-001-fundamentos/requerimientos/RF-AUTH-001-roles.md,gamilit,get_current_user_role,SI,01-fase-alcance-inicial
01-fase-alcance-inicial/EAI-001-fundamentos/requerimientos/RF-AUTH-001-roles.md,social_features,classroom_members,SI,01-fase-alcance-inicial
01-fase-alcance-inicial/EAI-001-fundamentos/requerimientos/RF-AUTH-001-roles.md,auth_management,gamilit_role,SI,01-fase-alcance-inicial
01-fase-alcance-inicial/EAI-001-fundamentos/historias-usuario/US-FUND-004-infraestructura-tecnica-base.md,env,example,NO,01-fase-alcance-inicial
01-fase-alcance-inicial/EAI-001-fundamentos/historias-usuario/US-FUND-004-infraestructura-tecnica-base.md,package,json,NO,01-fase-alcance-inicial
01-fase-alcance-inicial/EAI-001-fundamentos/historias-usuario/US-FUND-006-api-restful-basica.md,app,get,SI,01-fase-alcance-inicial
01-fase-alcance-inicial/EAI-001-fundamentos/historias-usuario/US-FUND-006-api-restful-basica.md,exception,getResponse,NO,01-fase-alcance-inicial
01-fase-alcance-inicial/EAI-001-fundamentos/historias-usuario/US-FUND-006-api-restful-basica.md,exception,getStatus,NO,01-fase-alcance-inicial
01-fase-alcance-inicial/EAI-001-fundamentos/historias-usuario/US-FUND-006-api-restful-basica.md,host,switchToHttp,NO,01-fase-alcance-inicial
01-fase-alcance-inicial/EAI-001-fundamentos/historias-usuario/US-FUND-006-api-restful-basica.md,authService,login,NO,01-fase-alcance-inicial
01-fase-alcance-inicial/EAI-001-fundamentos/historias-usuario/US-FUND-006-api-restful-basica.md,context,getHandler,NO,01-fase-alcance-inicial
01-fase-alcance-inicial/EAI-001-fundamentos/historias-usuario/US-FUND-006-api-restful-basica.md,app,useGlobalFilters,NO,01-fase-alcance-inicial
01-fase-alcance-inicial/EAI-001-fundamentos/historias-usuario/US-FUND-006-api-restful-basica.md,logger,error,SI,01-fase-alcance-inicial
01-fase-alcance-inicial/EAI-001-fundamentos/historias-usuario/US-FUND-006-api-restful-basica.md,usersService,update,NO,01-fase-alcance-inicial
01-fase-alcance-inicial/EAI-001-fundamentos/historias-usuario/US-FUND-006-api-restful-basica.md,app,listen,NO,01-fase-alcance-inicial
01-fase-alcance-inicial/EAI-001-fundamentos/historias-usuario/US-FUND-006-api-restful-basica.md,SwaggerModule,createDocument,NO,01-fase-alcance-inicial
01-fase-alcance-inicial/EAI-001-fundamentos/historias-usuario/US-FUND-006-api-restful-basica.md,JSON,stringify,NO,01-fase-alcance-inicial
01-fase-alcance-inicial/EAI-001-fundamentos/historias-usuario/US-FUND-006-api-restful-basica.md,requiredRoles,includes,NO,01-fase-alcance-inicial
01-fase-alcance-inicial/EAI-001-fundamentos/historias-usuario/US-FUND-006-api-restful-basica.md,app,useGlobalGuards,NO,01-fase-alcance-inicial
01-fase-alcance-inicial/EAI-001-fundamentos/historias-usuario/US-FUND-006-api-restful-basica.md,NestFactory,create,NO,01-fase-alcance-inicial
01-fase-alcance-inicial/EAI-001-fundamentos/historias-usuario/US-FUND-006-api-restful-basica.md,usersService,findAll,NO,01-fase-alcance-inicial
01-fase-alcance-inicial/EAI-001-fundamentos/historias-usuario/US-FUND-006-api-restful-basica.md,app,setGlobalPrefix,NO,01-fase-alcance-inicial
01-fase-alcance-inicial/EAI-001-fundamentos/historias-usuario/US-FUND-006-api-restful-basica.md,response,status,NO,01-fase-alcance-inicial
01-fase-alcance-inicial/EAI-001-fundamentos/historias-usuario/US-FUND-006-api-restful-basica.md,ctx,getResponse,NO,01-fase-alcance-inicial
01-fase-alcance-inicial/EAI-001-fundamentos/historias-usuario/US-FUND-006-api-restful-basica.md,app,useGlobalPipes,NO,01-fase-alcance-inicial
01-fase-alcance-inicial/EAI-001-fundamentos/historias-usuario/US-FUND-006-api-restful-basica.md,super,canActivate,NO,01-fase-alcance-inicial
01-fase-alcance-inicial/EAI-001-fundamentos/historias-usuario/US-FUND-006-api-restful-basica.md,context,switchToHttp,NO,01-fase-alcance-inicial
01-fase-alcance-inicial/EAI-001-fundamentos/historias-usuario/US-FUND-006-api-restful-basica.md,SwaggerModule,setup,NO,01-fase-alcance-inicial
01-fase-alcance-inicial/EAI-001-fundamentos/historias-usuario/US-FUND-006-api-restful-basica.md,ctx,getRequest,NO,01-fase-alcance-inicial
01-fase-alcance-inicial/EAI-001-fundamentos/historias-usuario/US-FUND-006-api-restful-basica.md,ctx,switchToHttp,NO,01-fase-alcance-inicial
01-fase-alcance-inicial/EAI-001-fundamentos/historias-usuario/US-FUND-007-navegacion-routing.md,name,replace,NO,01-fase-alcance-inicial
01-fase-alcance-inicial/EAI-001-fundamentos/historias-usuario/US-FUND-007-navegacion-routing.md,pathname,split,NO,01-fase-alcance-inicial
01-fase-alcance-inicial/EAI-001-fundamentos/historias-usuario/US-FUND-007-navegacion-routing.md,pathnames,slice,NO,01-fase-alcance-inicial
01-fase-alcance-inicial/EAI-001-fundamentos/historias-usuario/US-FUND-007-navegacion-routing.md,pathnames,map,NO,01-fase-alcance-inicial
01-fase-alcance-inicial/EAI-001-fundamentos/historias-usuario/US-FUND-007-navegacion-routing.md,window,scrollTo,NO,01-fase-alcance-inicial
01-fase-alcance-inicial/EAI-001-fundamentos/historias-usuario/US-FUND-005-sistema-sesiones-estado.md,expiresAt,getDate,NO,01-fase-alcance-inicial
01-fase-alcance-inicial/EAI-001-fundamentos/historias-usuario/US-FUND-005-sistema-sesiones-estado.md,authService,login,NO,01-fase-alcance-inicial
01-fase-alcance-inicial/EAI-001-fundamentos/historias-usuario/US-FUND-005-sistema-sesiones-estado.md,this,validateRefreshToken,NO,01-fase-alcance-inicial
01-fase-alcance-inicial/EAI-001-fundamentos/historias-usuario/US-FUND-005-sistema-sesiones-estado.md,authService,refreshTokens,NO,01-fase-alcance-inicial
01-fase-alcance-inicial/EAI-001-fundamentos/historias-usuario/US-FUND-005-sistema-sesiones-estado.md,request,use,SI,01-fase-alcance-inicial
01-fase-alcance-inicial/EAI-001-fundamentos/historias-usuario/US-FUND-005-sistema-sesiones-estado.md,axios,create,NO,01-fase-alcance-inicial
01-fase-alcance-inicial/EAI-001-fundamentos/historias-usuario/US-FUND-005-sistema-sesiones-estado.md,authService,logout,NO,01-fase-alcance-inicial
01-fase-alcance-inicial/EAI-001-fundamentos/historias-usuario/US-FUND-005-sistema-sesiones-estado.md,authService,getCurrentUser,NO,01-fase-alcance-inicial
01-fase-alcance-inicial/EAI-001-fundamentos/historias-usuario/US-FUND-005-sistema-sesiones-estado.md,useAuthStore,getState,NO,01-fase-alcance-inicial
01-fase-alcance-inicial/EAI-001-fundamentos/historias-usuario/US-FUND-005-sistema-sesiones-estado.md,this,generateRefreshToken,NO,01-fase-alcance-inicial
01-fase-alcance-inicial/EAI-001-fundamentos/historias-usuario/US-FUND-005-sistema-sesiones-estado.md,response,use,SI,01-fase-alcance-inicial
01-fase-alcance-inicial/EAI-001-fundamentos/historias-usuario/US-FUND-005-sistema-sesiones-estado.md,this,revokeRefreshToken,NO,01-fase-alcance-inicial
01-fase-alcance-inicial/EAI-001-fundamentos/historias-usuario/US-FUND-005-sistema-sesiones-estado.md,refreshTokensRepository,save,NO,01-fase-alcance-inicial
01-fase-alcance-inicial/EAI-001-fundamentos/historias-usuario/US-FUND-005-sistema-sesiones-estado.md,expiresAt,setDate,NO,01-fase-alcance-inicial
01-fase-alcance-inicial/EAI-001-fundamentos/historias-usuario/US-FUND-005-sistema-sesiones-estado.md,window,removeEventListener,NO,01-fase-alcance-inicial
01-fase-alcance-inicial/EAI-001-fundamentos/historias-usuario/US-FUND-005-sistema-sesiones-estado.md,window,addEventListener,NO,01-fase-alcance-inicial
01-fase-alcance-inicial/EAI-001-fundamentos/historias-usuario/US-FUND-005-sistema-sesiones-estado.md,this,generateAccessToken,NO,01-fase-alcance-inicial
01-fase-alcance-inicial/EAI-001-fundamentos/historias-usuario/US-FUND-005-sistema-sesiones-estado.md,jwtService,sign,NO,01-fase-alcance-inicial
01-fase-alcance-inicial/EAI-001-fundamentos/historias-usuario/US-FUND-005-sistema-sesiones-estado.md,Promise,reject,NO,01-fase-alcance-inicial
01-fase-alcance-inicial/EAI-001-fundamentos/historias-usuario/US-FUND-001-autenticacion-basica-jwt.md,LoginForm,tsx,NO,01-fase-alcance-inicial
01-fase-alcance-inicial/EAI-001-fundamentos/historias-usuario/US-FUND-001-autenticacion-basica-jwt.md,RegisterForm,tsx,NO,01-fase-alcance-inicial
01-fase-alcance-inicial/EAI-001-fundamentos/historias-usuario/US-FUND-001-autenticacion-basica-jwt.md,ForgotPasswordForm,tsx,NO,01-fase-alcance-inicial
01-fase-alcance-inicial/EAI-001-fundamentos/historias-usuario/US-FUND-001-autenticacion-basica-jwt.md,ResetPasswordForm,tsx,NO,01-fase-alcance-inicial
01-fase-alcance-inicial/EAI-005-admin-base/README.md,README,md,NO,01-fase-alcance-inicial
01-fase-alcance-inicial/EAI-005-admin-base/historias-usuario/US-ADM-003-dashboard-maestro.md,teacherService,getDashboard,NO,01-fase-alcance-inicial
01-fase-alcance-inicial/EAI-005-admin-base/historias-usuario/US-ADM-003-dashboard-maestro.md,this,getClassroomsSummary,NO,01-fase-alcance-inicial
01-fase-alcance-inicial/EAI-005-admin-base/historias-usuario/US-ADM-003-dashboard-maestro.md,classrooms,reduce,NO,01-fase-alcance-inicial
01-fase-alcance-inicial/EAI-005-admin-base/historias-usuario/US-ADM-003-dashboard-maestro.md,classrooms,map,NO,01-fase-alcance-inicial
01-fase-alcance-inicial/EAI-005-admin-base/historias-usuario/US-ADM-003-dashboard-maestro.md,averageProgress,toFixed,NO,01-fase-alcance-inicial
01-fase-alcance-inicial/EAI-005-admin-base/historias-usuario/US-ADM-003-dashboard-maestro.md,this,getRecentActivitiesAcrossClassrooms,NO,01-fase-alcance-inicial
01-fase-alcance-inicial/EAI-005-admin-base/historias-usuario/US-ADM-001-gestion-aulas-crud.md,classroomRepository,save,NO,01-fase-alcance-inicial
01-fase-alcance-inicial/EAI-005-admin-base/historias-usuario/US-ADM-001-gestion-aulas-crud.md,classroomService,removeClassroom,NO,01-fase-alcance-inicial
01-fase-alcance-inicial/EAI-005-admin-base/historias-usuario/US-ADM-001-gestion-aulas-crud.md,classroomService,findAllByTeacher,NO,01-fase-alcance-inicial
01-fase-alcance-inicial/EAI-005-admin-base/historias-usuario/US-ADM-001-gestion-aulas-crud.md,classroomRepository,count,NO,01-fase-alcance-inicial
01-fase-alcance-inicial/EAI-005-admin-base/historias-usuario/US-ADM-001-gestion-aulas-crud.md,classroomService,updateClassroom,NO,01-fase-alcance-inicial
01-fase-alcance-inicial/EAI-005-admin-base/historias-usuario/US-ADM-001-gestion-aulas-crud.md,toast,success,NO,01-fase-alcance-inicial
01-fase-alcance-inicial/EAI-005-admin-base/historias-usuario/US-ADM-001-gestion-aulas-crud.md,toast,error,NO,01-fase-alcance-inicial
01-fase-alcance-inicial/EAI-005-admin-base/historias-usuario/US-ADM-001-gestion-aulas-crud.md,classroomRepository,findOne,NO,01-fase-alcance-inicial
01-fase-alcance-inicial/EAI-005-admin-base/historias-usuario/US-ADM-001-gestion-aulas-crud.md,classroomService,findOneByTeacher,NO,01-fase-alcance-inicial
01-fase-alcance-inicial/EAI-005-admin-base/historias-usuario/US-ADM-001-gestion-aulas-crud.md,entities,map,NO,01-fase-alcance-inicial
01-fase-alcance-inicial/EAI-005-admin-base/historias-usuario/US-ADM-001-gestion-aulas-crud.md,this,findOneByTeacher,NO,01-fase-alcance-inicial
01-fase-alcance-inicial/EAI-005-admin-base/historias-usuario/US-ADM-001-gestion-aulas-crud.md,classroomRepository,create,NO,01-fase-alcance-inicial
01-fase-alcance-inicial/EAI-005-admin-base/historias-usuario/US-ADM-001-gestion-aulas-crud.md,Object,assign,NO,01-fase-alcance-inicial
01-fase-alcance-inicial/EAI-005-admin-base/historias-usuario/US-ADM-001-gestion-aulas-crud.md,classrooms,map,NO,01-fase-alcance-inicial
01-fase-alcance-inicial/EAI-005-admin-base/historias-usuario/US-ADM-001-gestion-aulas-crud.md,classroomRepository,remove,NO,01-fase-alcance-inicial
01-fase-alcance-inicial/EAI-005-admin-base/historias-usuario/US-ADM-001-gestion-aulas-crud.md,Array,from,SI,01-fase-alcance-inicial
01-fase-alcance-inicial/EAI-005-admin-base/historias-usuario/US-ADM-001-gestion-aulas-crud.md,classroomService,createClassroom,NO,01-fase-alcance-inicial
01-fase-alcance-inicial/EAI-005-admin-base/historias-usuario/US-ADM-004-asignacion-modulos.md,classroomRepository,findOne,NO,01-fase-alcance-inicial
01-fase-alcance-inicial/EAI-005-admin-base/historias-usuario/US-ADM-004-asignacion-modulos.md,moduleService,getCatalog,NO,01-fase-alcance-inicial
01-fase-alcance-inicial/EAI-005-admin-base/historias-usuario/US-ADM-004-asignacion-modulos.md,classroomRepository,save,NO,01-fase-alcance-inicial
01-fase-alcance-inicial/EAI-005-admin-base/historias-usuario/US-ADM-004-asignacion-modulos.md,query,where,NO,01-fase-alcance-inicial
01-fase-alcance-inicial/EAI-005-admin-base/historias-usuario/US-ADM-004-asignacion-modulos.md,this,getStudentsInClassroom,NO,01-fase-alcance-inicial
01-fase-alcance-inicial/EAI-005-admin-base/historias-usuario/US-ADM-004-asignacion-modulos.md,modules,some,NO,01-fase-alcance-inicial
01-fase-alcance-inicial/EAI-005-admin-base/historias-usuario/US-ADM-004-asignacion-modulos.md,classroomService,getAssignedModules,NO,01-fase-alcance-inicial
01-fase-alcance-inicial/EAI-005-admin-base/historias-usuario/US-ADM-004-asignacion-modulos.md,classroomService,removeModule,NO,01-fase-alcance-inicial
01-fase-alcance-inicial/EAI-005-admin-base/historias-usuario/US-ADM-004-asignacion-modulos.md,Promise,all,NO,01-fase-alcance-inicial
01-fase-alcance-inicial/EAI-005-admin-base/historias-usuario/US-ADM-004-asignacion-modulos.md,moduleRepository,createQueryBuilder,NO,01-fase-alcance-inicial
01-fase-alcance-inicial/EAI-005-admin-base/historias-usuario/US-ADM-004-asignacion-modulos.md,this,getModuleStats,NO,01-fase-alcance-inicial
01-fase-alcance-inicial/EAI-005-admin-base/historias-usuario/US-ADM-004-asignacion-modulos.md,this,validateTeacherAccess,NO,01-fase-alcance-inicial
01-fase-alcance-inicial/EAI-005-admin-base/historias-usuario/US-ADM-004-asignacion-modulos.md,modules,map,SI,01-fase-alcance-inicial
01-fase-alcance-inicial/EAI-005-admin-base/historias-usuario/US-ADM-004-asignacion-modulos.md,toast,success,NO,01-fase-alcance-inicial
01-fase-alcance-inicial/EAI-005-admin-base/historias-usuario/US-ADM-004-asignacion-modulos.md,query,andWhere,NO,01-fase-alcance-inicial
01-fase-alcance-inicial/EAI-005-admin-base/historias-usuario/US-ADM-004-asignacion-modulos.md,toast,error,NO,01-fase-alcance-inicial
01-fase-alcance-inicial/EAI-005-admin-base/historias-usuario/US-ADM-004-asignacion-modulos.md,modules,push,NO,01-fase-alcance-inicial
01-fase-alcance-inicial/EAI-005-admin-base/historias-usuario/US-ADM-004-asignacion-modulos.md,query,getMany,NO,01-fase-alcance-inicial
01-fase-alcance-inicial/EAI-005-admin-base/historias-usuario/US-ADM-004-asignacion-modulos.md,moduleRepository,findOne,NO,01-fase-alcance-inicial
01-fase-alcance-inicial/EAI-005-admin-base/historias-usuario/US-ADM-004-asignacion-modulos.md,modules,filter,SI,01-fase-alcance-inicial
01-fase-alcance-inicial/EAI-005-admin-base/historias-usuario/US-ADM-004-asignacion-modulos.md,classroomService,assignModule,NO,01-fase-alcance-inicial
01-fase-alcance-inicial/EAI-005-admin-base/historias-usuario/US-ADM-004-asignacion-modulos.md,this,getStudentModuleProgress,NO,01-fase-alcance-inicial
01-fase-alcance-inicial/EAI-005-admin-base/historias-usuario/US-ADM-005-gestion-grupos.md,Math,floor,NO,01-fase-alcance-inicial
01-fase-alcance-inicial/EAI-005-admin-base/historias-usuario/US-ADM-005-gestion-grupos.md,groupService,getGroups,NO,01-fase-alcance-inicial
01-fase-alcance-inicial/EAI-005-admin-base/historias-usuario/US-ADM-005-gestion-grupos.md,studentIds,filter,NO,01-fase-alcance-inicial
01-fase-alcance-inicial/EAI-005-admin-base/historias-usuario/US-ADM-005-gestion-grupos.md,studentRepository,findByIds,NO,01-fase-alcance-inicial
01-fase-alcance-inicial/EAI-005-admin-base/historias-usuario/US-ADM-005-gestion-grupos.md,groupService,assignStudents,NO,01-fase-alcance-inicial
01-fase-alcance-inicial/EAI-005-admin-base/historias-usuario/US-ADM-005-gestion-grupos.md,groupService,updateGroup,NO,01-fase-alcance-inicial
01-fase-alcance-inicial/EAI-005-admin-base/historias-usuario/US-ADM-005-gestion-grupos.md,groupRepository,create,NO,01-fase-alcance-inicial
01-fase-alcance-inicial/EAI-005-admin-base/historias-usuario/US-ADM-005-gestion-grupos.md,groupRepository,findOne,NO,01-fase-alcance-inicial
01-fase-alcance-inicial/EAI-005-admin-base/historias-usuario/US-ADM-005-gestion-grupos.md,groupService,deleteGroup,NO,01-fase-alcance-inicial
01-fase-alcance-inicial/EAI-005-admin-base/historias-usuario/US-ADM-005-gestion-grupos.md,studentsToAdd,filter,NO,01-fase-alcance-inicial
01-fase-alcance-inicial/EAI-005-admin-base/historias-usuario/US-ADM-005-gestion-grupos.md,students,map,NO,01-fase-alcance-inicial
01-fase-alcance-inicial/EAI-005-admin-base/historias-usuario/US-ADM-005-gestion-grupos.md,groupRepository,save,NO,01-fase-alcance-inicial
01-fase-alcance-inicial/EAI-005-admin-base/historias-usuario/US-ADM-005-gestion-grupos.md,groupService,createGroup,NO,01-fase-alcance-inicial
01-fase-alcance-inicial/EAI-005-admin-base/historias-usuario/US-ADM-005-gestion-grupos.md,this,getRandomColor,NO,01-fase-alcance-inicial
01-fase-alcance-inicial/EAI-005-admin-base/historias-usuario/US-ADM-005-gestion-grupos.md,validStudentIds,includes,NO,01-fase-alcance-inicial
01-fase-alcance-inicial/EAI-005-admin-base/historias-usuario/US-ADM-005-gestion-grupos.md,existingIds,includes,NO,01-fase-alcance-inicial
01-fase-alcance-inicial/EAI-005-admin-base/historias-usuario/US-ADM-005-gestion-grupos.md,groupRepository,find,NO,01-fase-alcance-inicial
01-fase-alcance-inicial/EAI-005-admin-base/historias-usuario/US-ADM-005-gestion-grupos.md,classroomService,getStudents,NO,01-fase-alcance-inicial
01-fase-alcance-inicial/EAI-005-admin-base/historias-usuario/US-ADM-005-gestion-grupos.md,this,validateTeacherAccess,NO,01-fase-alcance-inicial
01-fase-alcance-inicial/EAI-005-admin-base/historias-usuario/US-ADM-005-gestion-grupos.md,students,slice,NO,01-fase-alcance-inicial
01-fase-alcance-inicial/EAI-005-admin-base/historias-usuario/US-ADM-005-gestion-grupos.md,groups,map,NO,01-fase-alcance-inicial
01-fase-alcance-inicial/EAI-005-admin-base/historias-usuario/US-ADM-005-gestion-grupos.md,toast,success,NO,01-fase-alcance-inicial
01-fase-alcance-inicial/EAI-005-admin-base/historias-usuario/US-ADM-005-gestion-grupos.md,classroomStudents,map,NO,01-fase-alcance-inicial
01-fase-alcance-inicial/EAI-005-admin-base/historias-usuario/US-ADM-005-gestion-grupos.md,Math,random,NO,01-fase-alcance-inicial
01-fase-alcance-inicial/EAI-005-admin-base/historias-usuario/US-ADM-005-gestion-grupos.md,toast,error,NO,01-fase-alcance-inicial
01-fase-alcance-inicial/EAI-005-admin-base/historias-usuario/US-ADM-005-gestion-grupos.md,students,push,NO,01-fase-alcance-inicial
01-fase-alcance-inicial/EAI-005-admin-base/historias-usuario/US-ADM-005-gestion-grupos.md,groupService,removeStudentFromGroup,NO,01-fase-alcance-inicial
01-fase-alcance-inicial/EAI-005-admin-base/historias-usuario/US-ADM-006-configuracion-basica-aula.md,settingsRepository,save,NO,01-fase-alcance-inicial
01-fase-alcance-inicial/EAI-005-admin-base/historias-usuario/US-ADM-006-configuracion-basica-aula.md,this,validateTeacherAccess,NO,01-fase-alcance-inicial
01-fase-alcance-inicial/EAI-005-admin-base/historias-usuario/US-ADM-006-configuracion-basica-aula.md,classroomService,updateSettings,NO,01-fase-alcance-inicial
01-fase-alcance-inicial/EAI-005-admin-base/historias-usuario/US-ADM-006-configuracion-basica-aula.md,classroomService,getSettings,NO,01-fase-alcance-inicial
01-fase-alcance-inicial/EAI-005-admin-base/historias-usuario/US-ADM-006-configuracion-basica-aula.md,classroomRepository,findOne,NO,01-fase-alcance-inicial
01-fase-alcance-inicial/EAI-005-admin-base/historias-usuario/US-ADM-006-configuracion-basica-aula.md,toast,error,NO,01-fase-alcance-inicial
01-fase-alcance-inicial/EAI-005-admin-base/historias-usuario/US-ADM-006-configuracion-basica-aula.md,Object,assign,NO,01-fase-alcance-inicial
01-fase-alcance-inicial/EAI-005-admin-base/historias-usuario/US-ADM-006-configuracion-basica-aula.md,toast,success,NO,01-fase-alcance-inicial
01-fase-alcance-inicial/EAI-005-admin-base/historias-usuario/US-ADM-006-configuracion-basica-aula.md,settingsRepository,create,NO,01-fase-alcance-inicial
01-fase-alcance-inicial/EAI-005-admin-base/historias-usuario/US-ADM-007-vista-actividad-aula.md,students,map,NO,01-fase-alcance-inicial
01-fase-alcance-inicial/EAI-005-admin-base/historias-usuario/US-ADM-007-vista-actividad-aula.md,Promise,all,NO,01-fase-alcance-inicial
01-fase-alcance-inicial/EAI-005-admin-base/historias-usuario/US-ADM-007-vista-actividad-aula.md,this,validateTeacherAccess,NO,01-fase-alcance-inicial
01-fase-alcance-inicial/EAI-005-admin-base/historias-usuario/US-ADM-007-vista-actividad-aula.md,this,getModulesInProgress,NO,01-fase-alcance-inicial
01-fase-alcance-inicial/EAI-005-admin-base/historias-usuario/US-ADM-007-vista-actividad-aula.md,Math,round,NO,01-fase-alcance-inicial
01-fase-alcance-inicial/EAI-005-admin-base/historias-usuario/US-ADM-007-vista-actividad-aula.md,this,getActiveStudentsToday,NO,01-fase-alcance-inicial
01-fase-alcance-inicial/EAI-005-admin-base/historias-usuario/US-ADM-007-vista-actividad-aula.md,this,getModuleAverageProgress,NO,01-fase-alcance-inicial
01-fase-alcance-inicial/EAI-005-admin-base/historias-usuario/US-ADM-007-vista-actividad-aula.md,teacherApi,getClassroomActivity,NO,01-fase-alcance-inicial
01-fase-alcance-inicial/EAI-005-admin-base/historias-usuario/US-ADM-007-vista-actividad-aula.md,console,error,NO,01-fase-alcance-inicial
01-fase-alcance-inicial/EAI-005-admin-base/historias-usuario/US-ADM-007-vista-actividad-aula.md,modules,map,SI,01-fase-alcance-inicial
01-fase-alcance-inicial/EAI-005-admin-base/historias-usuario/US-ADM-007-vista-actividad-aula.md,this,getRecentActivities,NO,01-fase-alcance-inicial
01-fase-alcance-inicial/EAI-005-admin-base/historias-usuario/US-ADM-007-vista-actividad-aula.md,this,getStudentCount,NO,01-fase-alcance-inicial
01-fase-alcance-inicial/EAI-005-admin-base/historias-usuario/US-ADM-007-vista-actividad-aula.md,activities,map,NO,01-fase-alcance-inicial
01-fase-alcance-inicial/EAI-005-admin-base/historias-usuario/US-ADM-007-vista-actividad-aula.md,classroomService,getActivitySummary,NO,01-fase-alcance-inicial
01-fase-alcance-inicial/EAI-005-admin-base/historias-usuario/US-ADM-002-gestion-estudiantes-aula.md,this,getDefaultAvatar,NO,01-fase-alcance-inicial
01-fase-alcance-inicial/EAI-005-admin-base/historias-usuario/US-ADM-002-gestion-estudiantes-aula.md,this,generateTemporaryPassword,NO,01-fase-alcance-inicial
01-fase-alcance-inicial/EAI-005-admin-base/historias-usuario/US-ADM-002-gestion-estudiantes-aula.md,studentRepository,create,NO,01-fase-alcance-inicial
01-fase-alcance-inicial/EAI-005-admin-base/historias-usuario/US-ADM-002-gestion-estudiantes-aula.md,classroomRepository,findOne,NO,01-fase-alcance-inicial
01-fase-alcance-inicial/EAI-005-admin-base/historias-usuario/US-ADM-002-gestion-estudiantes-aula.md,query,getOne,NO,01-fase-alcance-inicial
01-fase-alcance-inicial/EAI-005-admin-base/historias-usuario/US-ADM-002-gestion-estudiantes-aula.md,studentRepository,save,NO,01-fase-alcance-inicial
01-fase-alcance-inicial/EAI-005-admin-base/historias-usuario/US-ADM-002-gestion-estudiantes-aula.md,classroomService,removeStudentFromClassroom,NO,01-fase-alcance-inicial
01-fase-alcance-inicial/EAI-005-admin-base/historias-usuario/US-ADM-002-gestion-estudiantes-aula.md,students,map,NO,01-fase-alcance-inicial
01-fase-alcance-inicial/EAI-005-admin-base/historias-usuario/US-ADM-002-gestion-estudiantes-aula.md,students,some,NO,01-fase-alcance-inicial
01-fase-alcance-inicial/EAI-005-admin-base/historias-usuario/US-ADM-002-gestion-estudiantes-aula.md,name,split,NO,01-fase-alcance-inicial
01-fase-alcance-inicial/EAI-005-admin-base/historias-usuario/US-ADM-002-gestion-estudiantes-aula.md,classroomRepository,save,NO,01-fase-alcance-inicial
01-fase-alcance-inicial/EAI-005-admin-base/historias-usuario/US-ADM-002-gestion-estudiantes-aula.md,classroomService,addStudentToClassroom,NO,01-fase-alcance-inicial
01-fase-alcance-inicial/EAI-005-admin-base/historias-usuario/US-ADM-002-gestion-estudiantes-aula.md,classroomService,createAndAddStudent,NO,01-fase-alcance-inicial
01-fase-alcance-inicial/EAI-005-admin-base/historias-usuario/US-ADM-002-gestion-estudiantes-aula.md,userRepository,findOne,NO,01-fase-alcance-inicial
01-fase-alcance-inicial/EAI-005-admin-base/historias-usuario/US-ADM-002-gestion-estudiantes-aula.md,bcrypt,hash,NO,01-fase-alcance-inicial
01-fase-alcance-inicial/EAI-005-admin-base/historias-usuario/US-ADM-002-gestion-estudiantes-aula.md,this,addStudentToClassroom,NO,01-fase-alcance-inicial
01-fase-alcance-inicial/EAI-005-admin-base/historias-usuario/US-ADM-002-gestion-estudiantes-aula.md,studentService,searchStudents,NO,01-fase-alcance-inicial
01-fase-alcance-inicial/EAI-005-admin-base/historias-usuario/US-ADM-002-gestion-estudiantes-aula.md,name,toLowerCase,NO,01-fase-alcance-inicial
01-fase-alcance-inicial/EAI-005-admin-base/historias-usuario/US-ADM-002-gestion-estudiantes-aula.md,this,validateTeacherAccess,NO,01-fase-alcance-inicial
01-fase-alcance-inicial/EAI-005-admin-base/historias-usuario/US-ADM-002-gestion-estudiantes-aula.md,studentRepository,findOne,NO,01-fase-alcance-inicial
01-fase-alcance-inicial/EAI-005-admin-base/historias-usuario/US-ADM-002-gestion-estudiantes-aula.md,clipboard,writeText,NO,01-fase-alcance-inicial
01-fase-alcance-inicial/EAI-005-admin-base/historias-usuario/US-ADM-002-gestion-estudiantes-aula.md,classroomService,getClassroomStudents,NO,01-fase-alcance-inicial
01-fase-alcance-inicial/EAI-005-admin-base/historias-usuario/US-ADM-002-gestion-estudiantes-aula.md,userRepository,save,NO,01-fase-alcance-inicial
01-fase-alcance-inicial/EAI-005-admin-base/historias-usuario/US-ADM-002-gestion-estudiantes-aula.md,toast,success,NO,01-fase-alcance-inicial
01-fase-alcance-inicial/EAI-005-admin-base/historias-usuario/US-ADM-002-gestion-estudiantes-aula.md,query,andWhere,NO,01-fase-alcance-inicial
01-fase-alcance-inicial/EAI-005-admin-base/historias-usuario/US-ADM-002-gestion-estudiantes-aula.md,toast,error,NO,01-fase-alcance-inicial
01-fase-alcance-inicial/EAI-005-admin-base/historias-usuario/US-ADM-002-gestion-estudiantes-aula.md,students,push,NO,01-fase-alcance-inicial
01-fase-alcance-inicial/EAI-005-admin-base/historias-usuario/US-ADM-002-gestion-estudiantes-aula.md,this,generateUsername,NO,01-fase-alcance-inicial
01-fase-alcance-inicial/EAI-005-admin-base/historias-usuario/US-ADM-002-gestion-estudiantes-aula.md,example,com,NO,01-fase-alcance-inicial
01-fase-alcance-inicial/EAI-005-admin-base/historias-usuario/US-ADM-002-gestion-estudiantes-aula.md,userRepository,create,NO,01-fase-alcance-inicial
01-fase-alcance-inicial/EAI-005-admin-base/historias-usuario/US-ADM-002-gestion-estudiantes-aula.md,students,filter,NO,01-fase-alcance-inicial
01-fase-alcance-inicial/EAI-003-gamificacion/README.md,README,md,NO,01-fase-alcance-inicial
01-fase-alcance-inicial/EAI-003-gamificacion/especificaciones/ET-GAM-001-achievements.md,gamification_system,user_achievements,SI,01-fase-alcance-inicial
01-fase-alcance-inicial/EAI-003-gamificacion/especificaciones/ET-GAM-001-achievements.md,results,push,NO,01-fase-alcance-inicial
01-fase-alcance-inicial/EAI-003-gamificacion/especificaciones/ET-GAM-001-achievements.md,gamification_system,achievement_category,SI,01-fase-alcance-inicial
01-fase-alcance-inicial/EAI-003-gamificacion/especificaciones/ET-GAM-001-achievements.md,console,error,NO,01-fase-alcance-inicial
01-fase-alcance-inicial/EAI-003-gamificacion/especificaciones/ET-GAM-001-achievements.md,api,get,SI,01-fase-alcance-inicial
01-fase-alcance-inicial/EAI-003-gamificacion/especificaciones/ET-GAM-001-achievements.md,gamification_system,award_achievement_rewards,NO,01-fase-alcance-inicial
01-fase-alcance-inicial/EAI-003-gamificacion/especificaciones/ET-GAM-001-achievements.md,unlocked,map,NO,01-fase-alcance-inicial
01-fase-alcance-inicial/EAI-003-gamificacion/especificaciones/ET-GAM-001-achievements.md,AchievementService,checkAchievements,NO,01-fase-alcance-inicial
01-fase-alcance-inicial/EAI-003-gamificacion/especificaciones/ET-GAM-001-achievements.md,Math,min,NO,01-fase-alcance-inicial
01-fase-alcance-inicial/EAI-003-gamificacion/especificaciones/ET-GAM-001-achievements.md,achievementService,findAllActive,NO,01-fase-alcance-inicial
01-fase-alcance-inicial/EAI-003-gamificacion/especificaciones/ET-GAM-001-achievements.md,public,notifications,SI,01-fase-alcance-inicial
01-fase-alcance-inicial/EAI-003-gamificacion/especificaciones/ET-GAM-001-achievements.md,this,getUserAchievements,NO,01-fase-alcance-inicial
01-fase-alcance-inicial/EAI-003-gamificacion/especificaciones/ET-GAM-001-achievements.md,rarity,toUpperCase,NO,01-fase-alcance-inicial
01-fase-alcance-inicial/EAI-003-gamificacion/especificaciones/ET-GAM-001-achievements.md,gamification_system,user_stats,SI,01-fase-alcance-inicial
01-fase-alcance-inicial/EAI-003-gamificacion/especificaciones/ET-GAM-001-achievements.md,auth,users,SI,01-fase-alcance-inicial
01-fase-alcance-inicial/EAI-003-gamificacion/especificaciones/ET-GAM-001-achievements.md,gamification_system,fn_achievement_unlocked_notification,NO,01-fase-alcance-inicial
01-fase-alcance-inicial/EAI-003-gamificacion/especificaciones/ET-GAM-001-achievements.md,achievementRepo,save,NO,01-fase-alcance-inicial
01-fase-alcance-inicial/EAI-003-gamificacion/especificaciones/ET-GAM-001-achievements.md,this,buildGallery,NO,01-fase-alcance-inicial
01-fase-alcance-inicial/EAI-003-gamificacion/especificaciones/ET-GAM-001-achievements.md,redis,set,NO,01-fase-alcance-inicial
01-fase-alcance-inicial/EAI-003-gamificacion/especificaciones/ET-GAM-001-achievements.md,JSON,stringify,NO,01-fase-alcance-inicial
01-fase-alcance-inicial/EAI-003-gamificacion/especificaciones/ET-GAM-001-achievements.md,gamification_system,achievements,SI,01-fase-alcance-inicial
01-fase-alcance-inicial/EAI-003-gamificacion/especificaciones/ET-GAM-001-achievements.md,achievementService,checkMultipleAchievements,NO,01-fase-alcance-inicial
01-fase-alcance-inicial/EAI-003-gamificacion/especificaciones/ET-GAM-001-achievements.md,achievementRepo,create,NO,01-fase-alcance-inicial
01-fase-alcance-inicial/EAI-003-gamificacion/especificaciones/ET-GAM-001-achievements.md,achievementService,createAchievement,NO,01-fase-alcance-inicial
01-fase-alcance-inicial/EAI-003-gamificacion/especificaciones/ET-GAM-001-achievements.md,achievementRepo,findOne,NO,01-fase-alcance-inicial
01-fase-alcance-inicial/EAI-003-gamificacion/especificaciones/ET-GAM-001-achievements.md,achievementService,hasAchievement,NO,01-fase-alcance-inicial
01-fase-alcance-inicial/EAI-003-gamificacion/especificaciones/ET-GAM-001-achievements.md,achievementService,getGallery,NO,01-fase-alcance-inicial
01-fase-alcance-inicial/EAI-003-gamificacion/especificaciones/ET-GAM-001-achievements.md,unlockedPercentage,toFixed,NO,01-fase-alcance-inicial
01-fase-alcance-inicial/EAI-003-gamificacion/especificaciones/ET-GAM-001-achievements.md,this,checkAndUnlock,NO,01-fase-alcance-inicial
01-fase-alcance-inicial/EAI-003-gamificacion/especificaciones/ET-GAM-001-achievements.md,achievementRepo,query,NO,01-fase-alcance-inicial
01-fase-alcance-inicial/EAI-003-gamificacion/especificaciones/ET-GAM-001-achievements.md,achievementService,getProgress,NO,01-fase-alcance-inicial
01-fase-alcance-inicial/EAI-003-gamificacion/especificaciones/ET-GAM-001-achievements.md,gamification_system,fn_check_rank_promotion,NO,01-fase-alcance-inicial
01-fase-alcance-inicial/EAI-003-gamificacion/especificaciones/ET-GAM-001-achievements.md,redis,get,NO,01-fase-alcance-inicial
01-fase-alcance-inicial/EAI-003-gamificacion/especificaciones/ET-GAM-001-achievements.md,gamification_system,promote_to_next_rank,NO,01-fase-alcance-inicial
01-fase-alcance-inicial/EAI-003-gamificacion/especificaciones/ET-GAM-001-achievements.md,this,hasAchievement,NO,01-fase-alcance-inicial
01-fase-alcance-inicial/EAI-003-gamificacion/especificaciones/ET-GAM-001-achievements.md,achievementRepo,count,NO,01-fase-alcance-inicial
01-fase-alcance-inicial/EAI-003-gamificacion/especificaciones/ET-GAM-001-achievements.md,gamification_system,check_and_unlock_achievement,NO,01-fase-alcance-inicial
01-fase-alcance-inicial/EAI-003-gamificacion/especificaciones/ET-GAM-001-achievements.md,gamification_system,achievement_type,NO,01-fase-alcance-inicial
01-fase-alcance-inicial/EAI-003-gamificacion/especificaciones/ET-GAM-001-achievements.md,achievementService,checkAndUnlock,NO,01-fase-alcance-inicial
01-fase-alcance-inicial/EAI-003-gamificacion/especificaciones/ET-GAM-001-achievements.md,userAchievementRepo,findOne,NO,01-fase-alcance-inicial
01-fase-alcance-inicial/EAI-003-gamificacion/especificaciones/ET-GAM-001-achievements.md,JSON,parse,NO,01-fase-alcance-inicial
01-fase-alcance-inicial/EAI-003-gamificacion/especificaciones/ET-GAM-001-achievements.md,userAchievementRepo,find,NO,01-fase-alcance-inicial
01-fase-alcance-inicial/EAI-003-gamificacion/especificaciones/ET-GAM-001-achievements.md,audit_logging,audit_logs,SI,01-fase-alcance-inicial
01-fase-alcance-inicial/EAI-003-gamificacion/especificaciones/ET-GAM-001-achievements.md,locked,map,NO,01-fase-alcance-inicial
01-fase-alcance-inicial/EAI-003-gamificacion/especificaciones/ET-GAM-001-achievements.md,newRank,toUpperCase,NO,01-fase-alcance-inicial
01-fase-alcance-inicial/EAI-003-gamificacion/especificaciones/ET-GAM-001-achievements.md,progress_tracking,module_progress,SI,01-fase-alcance-inicial
01-fase-alcance-inicial/EAI-003-gamificacion/especificaciones/ET-GAM-001-achievements.md,achievementRepo,find,NO,01-fase-alcance-inicial
01-fase-alcance-inicial/EAI-003-gamificacion/especificaciones/ET-GAM-001-achievements.md,achievementService,getUserAchievements,NO,01-fase-alcance-inicial
01-fase-alcance-inicial/EAI-003-gamificacion/especificaciones/ET-GAM-003-rangos-maya.md,Math,floor,NO,01-fase-alcance-inicial
01-fase-alcance-inicial/EAI-003-gamificacion/especificaciones/ET-GAM-003-rangos-maya.md,rankService,getRankDistribution,NO,01-fase-alcance-inicial
01-fase-alcance-inicial/EAI-003-gamificacion/especificaciones/ET-GAM-003-rangos-maya.md,rankHistoryRepo,find,NO,01-fase-alcance-inicial
01-fase-alcance-inicial/EAI-003-gamificacion/especificaciones/ET-GAM-003-rangos-maya.md,gamification_system,user_achievements,SI,01-fase-alcance-inicial
01-fase-alcance-inicial/EAI-003-gamificacion/especificaciones/ET-GAM-003-rangos-maya.md,gamification_system,get_rank_benefits,NO,01-fase-alcance-inicial
01-fase-alcance-inicial/EAI-003-gamificacion/especificaciones/ET-GAM-003-rangos-maya.md,db,query,NO,01-fase-alcance-inicial
01-fase-alcance-inicial/EAI-003-gamificacion/especificaciones/ET-GAM-003-rangos-maya.md,gamification_system,rank_history,SI,01-fase-alcance-inicial
01-fase-alcance-inicial/EAI-003-gamificacion/especificaciones/ET-GAM-003-rangos-maya.md,Math,min,NO,01-fase-alcance-inicial
01-fase-alcance-inicial/EAI-003-gamificacion/especificaciones/ET-GAM-003-rangos-maya.md,rankService,getRankBenefits,NO,01-fase-alcance-inicial
01-fase-alcance-inicial/EAI-003-gamificacion/especificaciones/ET-GAM-003-rangos-maya.md,rankApi,getMyProgress,NO,01-fase-alcance-inicial
01-fase-alcance-inicial/EAI-003-gamificacion/especificaciones/ET-GAM-003-rangos-maya.md,xp_at_promotion,toLocaleString,NO,01-fase-alcance-inicial
01-fase-alcance-inicial/EAI-003-gamificacion/especificaciones/ET-GAM-003-rangos-maya.md,gamification_system,fn_check_rank_promotion_trigger,NO,01-fase-alcance-inicial
01-fase-alcance-inicial/EAI-003-gamificacion/especificaciones/ET-GAM-003-rangos-maya.md,result,forEach,NO,01-fase-alcance-inicial
01-fase-alcance-inicial/EAI-003-gamificacion/especificaciones/ET-GAM-003-rangos-maya.md,history,map,NO,01-fase-alcance-inicial
01-fase-alcance-inicial/EAI-003-gamificacion/especificaciones/ET-GAM-003-rangos-maya.md,gamification_system,user_stats,SI,01-fase-alcance-inicial
01-fase-alcance-inicial/EAI-003-gamificacion/especificaciones/ET-GAM-003-rangos-maya.md,Date,now,SI,01-fase-alcance-inicial
01-fase-alcance-inicial/EAI-003-gamificacion/especificaciones/ET-GAM-003-rangos-maya.md,auth,users,SI,01-fase-alcance-inicial
01-fase-alcance-inicial/EAI-003-gamificacion/especificaciones/ET-GAM-003-rangos-maya.md,rankApi,getMyHistory,NO,01-fase-alcance-inicial
01-fase-alcance-inicial/EAI-003-gamificacion/especificaciones/ET-GAM-003-rangos-maya.md,achievements,find,NO,01-fase-alcance-inicial
01-fase-alcance-inicial/EAI-003-gamificacion/especificaciones/ET-GAM-003-rangos-maya.md,gamification_system,maya_rank,SI,01-fase-alcance-inicial
01-fase-alcance-inicial/EAI-003-gamificacion/especificaciones/ET-GAM-003-rangos-maya.md,rankService,getRankHistory,NO,01-fase-alcance-inicial
01-fase-alcance-inicial/EAI-003-gamificacion/especificaciones/ET-GAM-003-rangos-maya.md,userStatsRepo,query,NO,01-fase-alcance-inicial
01-fase-alcance-inicial/EAI-003-gamificacion/especificaciones/ET-GAM-003-rangos-maya.md,userStatsRepo,findOne,NO,01-fase-alcance-inicial
01-fase-alcance-inicial/EAI-003-gamificacion/especificaciones/ET-GAM-003-rangos-maya.md,current_xp,toLocaleString,NO,01-fase-alcance-inicial
01-fase-alcance-inicial/EAI-003-gamificacion/especificaciones/ET-GAM-003-rangos-maya.md,this,getCurrentRank,NO,01-fase-alcance-inicial
01-fase-alcance-inicial/EAI-003-gamificacion/especificaciones/ET-GAM-003-rangos-maya.md,rankService,getRankProgress,NO,01-fase-alcance-inicial
01-fase-alcance-inicial/EAI-003-gamificacion/especificaciones/ET-GAM-003-rangos-maya.md,this,getXPMultiplier,NO,01-fase-alcance-inicial
01-fase-alcance-inicial/EAI-003-gamificacion/especificaciones/ET-GAM-003-rangos-maya.md,RANK_ORDER,indexOf,NO,01-fase-alcance-inicial
01-fase-alcance-inicial/EAI-003-gamificacion/especificaciones/ET-GAM-003-rangos-maya.md,gamification_system,promote_to_next_rank,NO,01-fase-alcance-inicial
01-fase-alcance-inicial/EAI-003-gamificacion/especificaciones/ET-GAM-003-rangos-maya.md,this,getRankBenefits,NO,01-fase-alcance-inicial
01-fase-alcance-inicial/EAI-003-gamificacion/especificaciones/ET-GAM-003-rangos-maya.md,gamification_system,notifications,SI,01-fase-alcance-inicial
01-fase-alcance-inicial/EAI-003-gamificacion/especificaciones/ET-GAM-003-rangos-maya.md,Array,from,SI,01-fase-alcance-inicial
01-fase-alcance-inicial/EAI-003-gamificacion/especificaciones/ET-GAM-003-rangos-maya.md,rankService,getCurrentRank,NO,01-fase-alcance-inicial
01-fase-alcance-inicial/EAI-003-gamificacion/especificaciones/ET-GAM-003-rangos-maya.md,Math,random,NO,01-fase-alcance-inicial
01-fase-alcance-inicial/EAI-003-gamificacion/especificaciones/ET-GAM-003-rangos-maya.md,rejects,toThrow,NO,01-fase-alcance-inicial
01-fase-alcance-inicial/EAI-003-gamificacion/especificaciones/ET-GAM-003-rangos-maya.md,auth,uid,SI,01-fase-alcance-inicial
01-fase-alcance-inicial/EAI-003-gamificacion/especificaciones/ET-GAM-003-rangos-maya.md,gamification_system,check_rank_promotion,NO,01-fase-alcance-inicial
01-fase-alcance-inicial/EAI-003-gamificacion/especificaciones/ET-GAM-003-rangos-maya.md,audit_logging,audit_logs,SI,01-fase-alcance-inicial
01-fase-alcance-inicial/EAI-003-gamificacion/especificaciones/ET-GAM-003-rangos-maya.md,gamification_system,get_rank_multiplier,NO,01-fase-alcance-inicial
01-fase-alcance-inicial/EAI-003-gamificacion/especificaciones/ET-GAM-003-rangos-maya.md,notifications,find,NO,01-fase-alcance-inicial
01-fase-alcance-inicial/EAI-003-gamificacion/especificaciones/ET-GAM-002-comodines.md,ComodinService,purchaseComodin,NO,01-fase-alcance-inicial
01-fase-alcance-inicial/EAI-003-gamificacion/especificaciones/ET-GAM-002-comodines.md,gamification_system,user_stats,SI,01-fase-alcance-inicial
01-fase-alcance-inicial/EAI-003-gamificacion/especificaciones/ET-GAM-002-comodines.md,ComodinService,useComodin,NO,01-fase-alcance-inicial
01-fase-alcance-inicial/EAI-003-gamificacion/especificaciones/ET-GAM-002-comodines.md,auth,users,SI,01-fase-alcance-inicial
01-fase-alcance-inicial/EAI-003-gamificacion/especificaciones/ET-GAM-002-comodines.md,educational_content,exercises,SI,01-fase-alcance-inicial
01-fase-alcance-inicial/EAI-003-gamificacion/especificaciones/ET-GAM-002-comodines.md,comodinInventoryRepo,findOne,NO,01-fase-alcance-inicial
01-fase-alcance-inicial/EAI-003-gamificacion/especificaciones/ET-GAM-002-comodines.md,this,generateHint,NO,01-fase-alcance-inicial
01-fase-alcance-inicial/EAI-003-gamificacion/especificaciones/ET-GAM-002-comodines.md,gamification_system,comodin_usage_log,NO,01-fase-alcance-inicial
01-fase-alcance-inicial/EAI-003-gamificacion/especificaciones/ET-GAM-002-comodines.md,comodinService,getInventory,NO,01-fase-alcance-inicial
01-fase-alcance-inicial/EAI-003-gamificacion/especificaciones/ET-GAM-002-comodines.md,gamification_system,comodines_inventory,SI,01-fase-alcance-inicial
01-fase-alcance-inicial/EAI-003-gamificacion/especificaciones/ET-GAM-002-comodines.md,comodinService,use,NO,01-fase-alcance-inicial
01-fase-alcance-inicial/EAI-003-gamificacion/especificaciones/ET-GAM-002-comodines.md,public,update_updated_at_column,SI,01-fase-alcance-inicial
01-fase-alcance-inicial/EAI-003-gamificacion/especificaciones/ET-GAM-002-comodines.md,progress_tracking,exercise_attempts,SI,01-fase-alcance-inicial
01-fase-alcance-inicial/EAI-003-gamificacion/especificaciones/ET-GAM-002-comodines.md,gamification_system,purchase_comodin,NO,01-fase-alcance-inicial
01-fase-alcance-inicial/EAI-003-gamificacion/especificaciones/ET-GAM-002-comodines.md,comodinService,getUserStats,NO,01-fase-alcance-inicial
01-fase-alcance-inicial/EAI-003-gamificacion/especificaciones/ET-GAM-002-comodines.md,gamification_system,use_comodin,NO,01-fase-alcance-inicial
01-fase-alcance-inicial/EAI-003-gamificacion/especificaciones/ET-GAM-002-comodines.md,gamification_system,get_comodin_inventory,NO,01-fase-alcance-inicial
01-fase-alcance-inicial/EAI-003-gamificacion/especificaciones/ET-GAM-002-comodines.md,toast,success,NO,01-fase-alcance-inicial
01-fase-alcance-inicial/EAI-003-gamificacion/especificaciones/ET-GAM-002-comodines.md,toast,error,NO,01-fase-alcance-inicial
01-fase-alcance-inicial/EAI-003-gamificacion/especificaciones/ET-GAM-002-comodines.md,gamification_system,comodin_usage_tracking,NO,01-fase-alcance-inicial
01-fase-alcance-inicial/EAI-003-gamificacion/especificaciones/ET-GAM-002-comodines.md,inventory,map,NO,01-fase-alcance-inicial
01-fase-alcance-inicial/EAI-003-gamificacion/especificaciones/ET-GAM-002-comodines.md,comodinService,purchase,NO,01-fase-alcance-inicial
01-fase-alcance-inicial/EAI-003-gamificacion/especificaciones/ET-GAM-002-comodines.md,gamification_system,comodin_type,SI,01-fase-alcance-inicial
01-fase-alcance-inicial/EAI-003-gamificacion/especificaciones/ET-GAM-002-comodines.md,this,generateReadingVision,NO,01-fase-alcance-inicial
01-fase-alcance-inicial/EAI-003-gamificacion/especificaciones/ET-GAM-002-comodines.md,audit_logging,audit_logs,SI,01-fase-alcance-inicial
01-fase-alcance-inicial/EAI-003-gamificacion/especificaciones/ET-GAM-002-comodines.md,result,map,NO,01-fase-alcance-inicial
01-fase-alcance-inicial/EAI-003-gamificacion/especificaciones/ET-GAM-002-comodines.md,comodinInventoryRepo,query,NO,01-fase-alcance-inicial
01-fase-alcance-inicial/EAI-003-gamificacion/requerimientos/RF-GAM-003-rangos-maya.md,rankOrder,indexOf,NO,01-fase-alcance-inicial
01-fase-alcance-inicial/EAI-003-gamificacion/requerimientos/RF-GAM-003-rangos-maya.md,user_stats,current_rank,SI,01-fase-alcance-inicial
01-fase-alcance-inicial/EAI-003-gamificacion/requerimientos/RF-GAM-003-rangos-maya.md,gamification_system,user_achievements,SI,01-fase-alcance-inicial
01-fase-alcance-inicial/EAI-003-gamificacion/requerimientos/RF-GAM-003-rangos-maya.md,gamification_system,user_stats,SI,01-fase-alcance-inicial
01-fase-alcance-inicial/EAI-003-gamificacion/requerimientos/RF-GAM-003-rangos-maya.md,auth,users,SI,01-fase-alcance-inicial
01-fase-alcance-inicial/EAI-003-gamificacion/requerimientos/RF-GAM-003-rangos-maya.md,user_stats,ml_coins,SI,01-fase-alcance-inicial
01-fase-alcance-inicial/EAI-003-gamificacion/requerimientos/RF-GAM-003-rangos-maya.md,achievements,find,NO,01-fase-alcance-inicial
01-fase-alcance-inicial/EAI-003-gamificacion/requerimientos/RF-GAM-003-rangos-maya.md,db,query,NO,01-fase-alcance-inicial
01-fase-alcance-inicial/EAI-003-gamificacion/requerimientos/RF-GAM-003-rangos-maya.md,gamification_system,rank_history,SI,01-fase-alcance-inicial
01-fase-alcance-inicial/EAI-003-gamificacion/requerimientos/RF-GAM-003-rangos-maya.md,audit_logging,audit_logs,SI,01-fase-alcance-inicial
01-fase-alcance-inicial/EAI-003-gamificacion/requerimientos/RF-GAM-003-rangos-maya.md,rejects,toThrow,NO,01-fase-alcance-inicial
01-fase-alcance-inicial/EAI-003-gamificacion/requerimientos/RF-GAM-003-rangos-maya.md,user_stats,total_xp,SI,01-fase-alcance-inicial
01-fase-alcance-inicial/EAI-003-gamificacion/requerimientos/RF-GAM-003-rangos-maya.md,gamification_system,maya_rank,SI,01-fase-alcance-inicial
01-fase-alcance-inicial/EAI-003-gamificacion/requerimientos/RF-GAM-003-rangos-maya.md,not,toBe,NO,01-fase-alcance-inicial
01-fase-alcance-inicial/EAI-003-gamificacion/requerimientos/RF-GAM-003-rangos-maya.md,contentService,findOne,NO,01-fase-alcance-inicial
01-fase-alcance-inicial/EAI-003-gamificacion/requerimientos/RF-GAM-001-achievements.md,gamification_system,achievement_type,NO,01-fase-alcance-inicial
01-fase-alcance-inicial/EAI-003-gamificacion/requerimientos/RF-GAM-001-achievements.md,gamification_system,user_achievements,SI,01-fase-alcance-inicial
01-fase-alcance-inicial/EAI-003-gamificacion/requerimientos/RF-GAM-001-achievements.md,gamification_system,user_stats,SI,01-fase-alcance-inicial
01-fase-alcance-inicial/EAI-003-gamificacion/requerimientos/RF-GAM-001-achievements.md,streakService,updateStreaks,NO,01-fase-alcance-inicial
01-fase-alcance-inicial/EAI-003-gamificacion/requerimientos/RF-GAM-001-achievements.md,gamification_system,achievement_category,SI,01-fase-alcance-inicial
01-fase-alcance-inicial/EAI-003-gamificacion/requerimientos/RF-GAM-001-achievements.md,notificationService,send,NO,01-fase-alcance-inicial
01-fase-alcance-inicial/EAI-003-gamificacion/requerimientos/RF-GAM-001-achievements.md,user_stats,ml_coins,SI,01-fase-alcance-inicial
01-fase-alcance-inicial/EAI-003-gamificacion/requerimientos/RF-GAM-001-achievements.md,module_progress,status,SI,01-fase-alcance-inicial
01-fase-alcance-inicial/EAI-003-gamificacion/requerimientos/RF-GAM-001-achievements.md,rateLimiter,check,NO,01-fase-alcance-inicial
01-fase-alcance-inicial/EAI-003-gamificacion/requerimientos/RF-GAM-001-achievements.md,gamification_system,award_achievement_rewards,NO,01-fase-alcance-inicial
01-fase-alcance-inicial/EAI-003-gamificacion/requerimientos/RF-GAM-001-achievements.md,rejects,toThrow,NO,01-fase-alcance-inicial
01-fase-alcance-inicial/EAI-003-gamificacion/requerimientos/RF-GAM-001-achievements.md,expect,objectContaining,NO,01-fase-alcance-inicial
01-fase-alcance-inicial/EAI-003-gamificacion/requerimientos/RF-GAM-001-achievements.md,gamification_system,achievements,SI,01-fase-alcance-inicial
01-fase-alcance-inicial/EAI-003-gamificacion/requerimientos/RF-GAM-001-achievements.md,user_stats,total_xp,SI,01-fase-alcance-inicial
01-fase-alcance-inicial/EAI-003-gamificacion/requerimientos/RF-GAM-001-achievements.md,gamification_system,check_and_unlock_achievement,NO,01-fase-alcance-inicial
01-fase-alcance-inicial/EAI-003-gamificacion/requerimientos/RF-GAM-001-achievements.md,achievementService,getGallery,NO,01-fase-alcance-inicial
01-fase-alcance-inicial/EAI-003-gamificacion/requerimientos/RF-GAM-002-comodines.md,comodin_usage_tracking,vision_lectora_used,NO,01-fase-alcance-inicial
01-fase-alcance-inicial/EAI-003-gamificacion/requerimientos/RF-GAM-002-comodines.md,exerciseService,findOne,NO,01-fase-alcance-inicial
01-fase-alcance-inicial/EAI-003-gamificacion/requerimientos/RF-GAM-002-comodines.md,gamification_system,user_stats,SI,01-fase-alcance-inicial
01-fase-alcance-inicial/EAI-003-gamificacion/requerimientos/RF-GAM-002-comodines.md,educational_content,exercises,SI,01-fase-alcance-inicial
01-fase-alcance-inicial/EAI-003-gamificacion/requerimientos/RF-GAM-002-comodines.md,this,getUsageInExercise,NO,01-fase-alcance-inicial
01-fase-alcance-inicial/EAI-003-gamificacion/requerimientos/RF-GAM-002-comodines.md,gamification_system,comodin_usage_log,NO,01-fase-alcance-inicial
01-fase-alcance-inicial/EAI-003-gamificacion/requerimientos/RF-GAM-002-comodines.md,gamification_system,comodines_inventory,SI,01-fase-alcance-inicial
01-fase-alcance-inicial/EAI-003-gamificacion/requerimientos/RF-GAM-002-comodines.md,this,applyEffect,NO,01-fase-alcance-inicial
01-fase-alcance-inicial/EAI-003-gamificacion/requerimientos/RF-GAM-002-comodines.md,this,decrementInventory,NO,01-fase-alcance-inicial
01-fase-alcance-inicial/EAI-003-gamificacion/requerimientos/RF-GAM-002-comodines.md,this,getInventory,NO,01-fase-alcance-inicial
01-fase-alcance-inicial/EAI-003-gamificacion/requerimientos/RF-GAM-002-comodines.md,comodinService,use,NO,01-fase-alcance-inicial
01-fase-alcance-inicial/EAI-003-gamificacion/requerimientos/RF-GAM-002-comodines.md,progress_tracking,exercise_attempts,SI,01-fase-alcance-inicial
01-fase-alcance-inicial/EAI-003-gamificacion/requerimientos/RF-GAM-002-comodines.md,user_stats,ml_coins,SI,01-fase-alcance-inicial
01-fase-alcance-inicial/EAI-003-gamificacion/requerimientos/RF-GAM-002-comodines.md,db,transaction,SI,01-fase-alcance-inicial
01-fase-alcance-inicial/EAI-003-gamificacion/requerimientos/RF-GAM-002-comodines.md,comodin_usage_tracking,pistas_used,NO,01-fase-alcance-inicial
01-fase-alcance-inicial/EAI-003-gamificacion/requerimientos/RF-GAM-002-comodines.md,rejects,toThrow,NO,01-fase-alcance-inicial
01-fase-alcance-inicial/EAI-003-gamificacion/requerimientos/RF-GAM-002-comodines.md,gamification_system,comodin_usage_tracking,NO,01-fase-alcance-inicial
01-fase-alcance-inicial/EAI-003-gamificacion/requerimientos/RF-GAM-002-comodines.md,this,logUsage,NO,01-fase-alcance-inicial
01-fase-alcance-inicial/EAI-003-gamificacion/requerimientos/RF-GAM-002-comodines.md,comodinService,purchase,NO,01-fase-alcance-inicial
01-fase-alcance-inicial/EAI-003-gamificacion/requerimientos/RF-GAM-002-comodines.md,gamification_system,comodin_type,SI,01-fase-alcance-inicial
01-fase-alcance-inicial/EAI-003-gamificacion/requerimientos/RF-GAM-002-comodines.md,audit_logging,audit_logs,SI,01-fase-alcance-inicial
01-fase-alcance-inicial/EAI-003-gamificacion/historias-usuario/US-GAM-006-narrativa-basica.md,moduleProgressRepository,find,NO,01-fase-alcance-inicial
01-fase-alcance-inicial/EAI-003-gamificacion/historias-usuario/US-GAM-006-narrativa-basica.md,Math,floor,NO,01-fase-alcance-inicial
01-fase-alcance-inicial/EAI-003-gamificacion/historias-usuario/US-GAM-006-narrativa-basica.md,messages,map,NO,01-fase-alcance-inicial
01-fase-alcance-inicial/EAI-003-gamificacion/historias-usuario/US-GAM-006-narrativa-basica.md,this,getMessage,NO,01-fase-alcance-inicial
01-fase-alcance-inicial/EAI-003-gamificacion/historias-usuario/US-GAM-006-narrativa-basica.md,narrativeService,getMessage,NO,01-fase-alcance-inicial
01-fase-alcance-inicial/EAI-003-gamificacion/historias-usuario/US-GAM-006-narrativa-basica.md,messages,sort,NO,01-fase-alcance-inicial
01-fase-alcance-inicial/EAI-003-gamificacion/historias-usuario/US-GAM-006-narrativa-basica.md,messages,push,NO,01-fase-alcance-inicial
01-fase-alcance-inicial/EAI-003-gamificacion/historias-usuario/US-GAM-006-narrativa-basica.md,narrativeMessagesRepository,findOne,NO,01-fase-alcance-inicial
01-fase-alcance-inicial/EAI-003-gamificacion/historias-usuario/US-GAM-008-recompensas-modulos.md,this,getModuleProgress,NO,01-fase-alcance-inicial
01-fase-alcance-inicial/EAI-003-gamificacion/historias-usuario/US-GAM-008-recompensas-modulos.md,coinsService,awardCoins,NO,01-fase-alcance-inicial
01-fase-alcance-inicial/EAI-003-gamificacion/historias-usuario/US-GAM-008-recompensas-modulos.md,moduleCompletionRepository,find,NO,01-fase-alcance-inicial
01-fase-alcance-inicial/EAI-003-gamificacion/historias-usuario/US-GAM-008-recompensas-modulos.md,xpService,awardXP,NO,01-fase-alcance-inicial
01-fase-alcance-inicial/EAI-003-gamificacion/historias-usuario/US-GAM-008-recompensas-modulos.md,moduleCompletionRepository,save,NO,01-fase-alcance-inicial
01-fase-alcance-inicial/EAI-003-gamificacion/historias-usuario/US-GAM-008-recompensas-modulos.md,ModuleCompletionModal,tsx,NO,01-fase-alcance-inicial
01-fase-alcance-inicial/EAI-003-gamificacion/historias-usuario/US-GAM-008-recompensas-modulos.md,badgesService,awardBadge,NO,01-fase-alcance-inicial
01-fase-alcance-inicial/EAI-003-gamificacion/historias-usuario/US-GAM-008-recompensas-modulos.md,badgesService,checkAndAwardBadges,NO,01-fase-alcance-inicial
01-fase-alcance-inicial/EAI-003-gamificacion/historias-usuario/US-GAM-008-recompensas-modulos.md,completedModules,map,NO,01-fase-alcance-inicial
01-fase-alcance-inicial/EAI-003-gamificacion/historias-usuario/US-GAM-008-recompensas-modulos.md,moduleCompletionRepository,findOne,NO,01-fase-alcance-inicial
01-fase-alcance-inicial/EAI-003-gamificacion/historias-usuario/US-GAM-008-recompensas-modulos.md,completions,map,NO,01-fase-alcance-inicial
01-fase-alcance-inicial/EAI-003-gamificacion/historias-usuario/US-GAM-008-recompensas-modulos.md,modulesRepository,findOne,NO,01-fase-alcance-inicial
01-fase-alcance-inicial/EAI-003-gamificacion/historias-usuario/US-GAM-003-monedas-lectoras.md,coinTransactionsRepository,save,NO,01-fase-alcance-inicial
01-fase-alcance-inicial/EAI-003-gamificacion/historias-usuario/US-GAM-003-monedas-lectoras.md,coins,toLocaleString,NO,01-fase-alcance-inicial
01-fase-alcance-inicial/EAI-003-gamificacion/historias-usuario/US-GAM-003-monedas-lectoras.md,this,awardCoins,NO,01-fase-alcance-inicial
01-fase-alcance-inicial/EAI-003-gamificacion/historias-usuario/US-GAM-003-monedas-lectoras.md,usersRepository,findOne,NO,01-fase-alcance-inicial
01-fase-alcance-inicial/EAI-003-gamificacion/historias-usuario/US-GAM-003-monedas-lectoras.md,usersRepository,increment,NO,01-fase-alcance-inicial
01-fase-alcance-inicial/EAI-003-gamificacion/historias-usuario/US-GAM-005-insignias-basicas.md,streakService,getCurrentStreak,NO,01-fase-alcance-inicial
01-fase-alcance-inicial/EAI-003-gamificacion/historias-usuario/US-GAM-005-insignias-basicas.md,allBadges,map,NO,01-fase-alcance-inicial
01-fase-alcance-inicial/EAI-003-gamificacion/historias-usuario/US-GAM-005-insignias-basicas.md,userBadges,find,NO,01-fase-alcance-inicial
01-fase-alcance-inicial/EAI-003-gamificacion/historias-usuario/US-GAM-005-insignias-basicas.md,badges,map,NO,01-fase-alcance-inicial
01-fase-alcance-inicial/EAI-003-gamificacion/historias-usuario/US-GAM-005-insignias-basicas.md,userBadgesRepository,find,NO,01-fase-alcance-inicial
01-fase-alcance-inicial/EAI-003-gamificacion/historias-usuario/US-GAM-005-insignias-basicas.md,userBadges,map,NO,01-fase-alcance-inicial
01-fase-alcance-inicial/EAI-003-gamificacion/historias-usuario/US-GAM-005-insignias-basicas.md,this,awardBadge,NO,01-fase-alcance-inicial
01-fase-alcance-inicial/EAI-003-gamificacion/historias-usuario/US-GAM-005-insignias-basicas.md,badgesRepository,findOne,NO,01-fase-alcance-inicial
01-fase-alcance-inicial/EAI-003-gamificacion/historias-usuario/US-GAM-005-insignias-basicas.md,this,meetsCriteria,NO,01-fase-alcance-inicial
01-fase-alcance-inicial/EAI-003-gamificacion/historias-usuario/US-GAM-005-insignias-basicas.md,xpService,awardXP,NO,01-fase-alcance-inicial
01-fase-alcance-inicial/EAI-003-gamificacion/historias-usuario/US-GAM-005-insignias-basicas.md,coinsService,awardCoins,NO,01-fase-alcance-inicial
01-fase-alcance-inicial/EAI-003-gamificacion/historias-usuario/US-GAM-005-insignias-basicas.md,moduleProgressRepository,count,NO,01-fase-alcance-inicial
01-fase-alcance-inicial/EAI-003-gamificacion/historias-usuario/US-GAM-005-insignias-basicas.md,userBadgesRepository,save,NO,01-fase-alcance-inicial
01-fase-alcance-inicial/EAI-003-gamificacion/historias-usuario/US-GAM-005-insignias-basicas.md,usersRepository,findOne,NO,01-fase-alcance-inicial
01-fase-alcance-inicial/EAI-003-gamificacion/historias-usuario/US-GAM-005-insignias-basicas.md,newlyEarnedBadges,push,NO,01-fase-alcance-inicial
01-fase-alcance-inicial/EAI-003-gamificacion/historias-usuario/US-GAM-005-insignias-basicas.md,earnedBadgeIds,includes,NO,01-fase-alcance-inicial
01-fase-alcance-inicial/EAI-003-gamificacion/historias-usuario/US-GAM-005-insignias-basicas.md,badgesRepository,find,NO,01-fase-alcance-inicial
01-fase-alcance-inicial/EAI-003-gamificacion/historias-usuario/US-GAM-004-sistema-ayudas.md,this,getHint,NO,01-fase-alcance-inicial
01-fase-alcance-inicial/EAI-003-gamificacion/historias-usuario/US-GAM-004-sistema-ayudas.md,helps,map,NO,01-fase-alcance-inicial
01-fase-alcance-inicial/EAI-003-gamificacion/historias-usuario/US-GAM-004-sistema-ayudas.md,removedOptions,includes,NO,01-fase-alcance-inicial
01-fase-alcance-inicial/EAI-003-gamificacion/historias-usuario/US-GAM-004-sistema-ayudas.md,helpUsageRepository,findOne,NO,01-fase-alcance-inicial
01-fase-alcance-inicial/EAI-003-gamificacion/historias-usuario/US-GAM-004-sistema-ayudas.md,helps,find,NO,01-fase-alcance-inicial
01-fase-alcance-inicial/EAI-003-gamificacion/historias-usuario/US-GAM-004-sistema-ayudas.md,this,getOptionsToRemove,NO,01-fase-alcance-inicial
01-fase-alcance-inicial/EAI-003-gamificacion/historias-usuario/US-GAM-004-sistema-ayudas.md,options,map,SI,01-fase-alcance-inicial
01-fase-alcance-inicial/EAI-003-gamificacion/historias-usuario/US-GAM-004-sistema-ayudas.md,helpUsageRepository,save,NO,01-fase-alcance-inicial
01-fase-alcance-inicial/EAI-003-gamificacion/historias-usuario/US-GAM-004-sistema-ayudas.md,coinsService,spendCoins,NO,01-fase-alcance-inicial
01-fase-alcance-inicial/EAI-003-gamificacion/historias-usuario/US-GAM-004-sistema-ayudas.md,window,confirm,NO,01-fase-alcance-inicial
01-fase-alcance-inicial/EAI-003-gamificacion/historias-usuario/US-GAM-004-sistema-ayudas.md,toast,success,NO,01-fase-alcance-inicial
01-fase-alcance-inicial/EAI-003-gamificacion/historias-usuario/US-GAM-004-sistema-ayudas.md,incorrectOptions,map,NO,01-fase-alcance-inicial
01-fase-alcance-inicial/EAI-003-gamificacion/historias-usuario/US-GAM-004-sistema-ayudas.md,activitiesService,useHelp,NO,01-fase-alcance-inicial
01-fase-alcance-inicial/EAI-003-gamificacion/historias-usuario/US-GAM-004-sistema-ayudas.md,toast,error,NO,01-fase-alcance-inicial
01-fase-alcance-inicial/EAI-003-gamificacion/historias-usuario/US-GAM-004-sistema-ayudas.md,activitiesRepository,findOne,NO,01-fase-alcance-inicial
01-fase-alcance-inicial/EAI-003-gamificacion/historias-usuario/US-GAM-007-leaderboard-simple.md,xp,toLocaleString,NO,01-fase-alcance-inicial
01-fase-alcance-inicial/EAI-003-gamificacion/historias-usuario/US-GAM-007-leaderboard-simple.md,topUsers,map,NO,01-fase-alcance-inicial
01-fase-alcance-inicial/EAI-003-gamificacion/historias-usuario/US-GAM-007-leaderboard-simple.md,this,getUserPosition,NO,01-fase-alcance-inicial
01-fase-alcance-inicial/EAI-003-gamificacion/historias-usuario/US-GAM-007-leaderboard-simple.md,topUsers,find,NO,01-fase-alcance-inicial
01-fase-alcance-inicial/EAI-003-gamificacion/historias-usuario/US-GAM-007-leaderboard-simple.md,usersRepository,find,NO,01-fase-alcance-inicial
01-fase-alcance-inicial/EAI-003-gamificacion/historias-usuario/US-GAM-007-leaderboard-simple.md,usersRepository,findOne,NO,01-fase-alcance-inicial
01-fase-alcance-inicial/EAI-003-gamificacion/historias-usuario/US-GAM-007-leaderboard-simple.md,this,getGlobalLeaderboard,NO,01-fase-alcance-inicial
01-fase-alcance-inicial/EAI-003-gamificacion/historias-usuario/US-GAM-007-leaderboard-simple.md,leaderboardService,getLeaderboard,NO,01-fase-alcance-inicial
01-fase-alcance-inicial/EAI-003-gamificacion/historias-usuario/US-GAM-001-sistema-rangos-maya.md,Math,floor,NO,01-fase-alcance-inicial
01-fase-alcance-inicial/EAI-003-gamificacion/historias-usuario/US-GAM-001-sistema-rangos-maya.md,this,calculateRank,NO,01-fase-alcance-inicial
01-fase-alcance-inicial/EAI-003-gamificacion/historias-usuario/US-GAM-001-sistema-rangos-maya.md,usersRepository,save,NO,01-fase-alcance-inicial
01-fase-alcance-inicial/EAI-003-gamificacion/historias-usuario/US-GAM-001-sistema-rangos-maya.md,RANK_THRESHOLDS,find,NO,01-fase-alcance-inicial
01-fase-alcance-inicial/EAI-003-gamificacion/historias-usuario/US-GAM-001-sistema-rangos-maya.md,this,calculateLevel,NO,01-fase-alcance-inicial
01-fase-alcance-inicial/EAI-003-gamificacion/historias-usuario/US-GAM-001-sistema-rangos-maya.md,usersRepository,findOne,NO,01-fase-alcance-inicial
01-fase-alcance-inicial/EAI-003-gamificacion/historias-usuario/US-GAM-001-sistema-rangos-maya.md,Math,min,NO,01-fase-alcance-inicial
01-fase-alcance-inicial/EAI-003-gamificacion/historias-usuario/US-GAM-001-sistema-rangos-maya.md,totalXP,toLocaleString,NO,01-fase-alcance-inicial
01-fase-alcance-inicial/EAI-003-gamificacion/historias-usuario/US-GAM-001-sistema-rangos-maya.md,RANK_THRESHOLDS,reverse,NO,01-fase-alcance-inicial
01-fase-alcance-inicial/EAI-003-gamificacion/historias-usuario/US-GAM-001-sistema-rangos-maya.md,rankHistoryRepository,save,NO,01-fase-alcance-inicial
01-fase-alcance-inicial/EAI-003-gamificacion/historias-usuario/US-GAM-002-sistema-experiencia-xp.md,xpTransactionsRepository,find,NO,01-fase-alcance-inicial
01-fase-alcance-inicial/EAI-003-gamificacion/historias-usuario/US-GAM-002-sistema-experiencia-xp.md,rankService,updateUserRank,NO,01-fase-alcance-inicial
01-fase-alcance-inicial/EAI-003-gamificacion/historias-usuario/US-GAM-002-sistema-experiencia-xp.md,xpTransactionsRepository,save,NO,01-fase-alcance-inicial
01-fase-alcance-inicial/EAI-003-gamificacion/historias-usuario/US-GAM-002-sistema-experiencia-xp.md,usersRepository,findOne,NO,01-fase-alcance-inicial
01-fase-alcance-inicial/EAI-003-gamificacion/historias-usuario/US-GAM-002-sistema-experiencia-xp.md,usersRepository,increment,NO,01-fase-alcance-inicial
01-fase-alcance-inicial/EAI-002-actividades/README.md,README,md,NO,01-fase-alcance-inicial
01-fase-alcance-inicial/EAI-002-actividades/especificaciones/ET-EDU-002-niveles-dificultad.md,queryClient,invalidateQueries,NO,01-fase-alcance-inicial
01-fase-alcance-inicial/EAI-002-actividades/especificaciones/ET-EDU-002-niveles-dificultad.md,Math,floor,NO,01-fase-alcance-inicial
01-fase-alcance-inicial/EAI-002-actividades/especificaciones/ET-EDU-002-niveles-dificultad.md,progressRepo,findOne,NO,01-fase-alcance-inicial
01-fase-alcance-inicial/EAI-002-actividades/especificaciones/ET-EDU-002-niveles-dificultad.md,progress_tracking,placement_test_results,NO,01-fase-alcance-inicial
01-fase-alcance-inicial/EAI-002-actividades/especificaciones/ET-EDU-002-niveles-dificultad.md,progress_tracking,user_current_level,NO,01-fase-alcance-inicial
01-fase-alcance-inicial/EAI-002-actividades/especificaciones/ET-EDU-002-niveles-dificultad.md,query,mockResolvedValue,NO,01-fase-alcance-inicial
01-fase-alcance-inicial/EAI-002-actividades/especificaciones/ET-EDU-002-niveles-dificultad.md,apiClient,post,NO,01-fase-alcance-inicial
01-fase-alcance-inicial/EAI-002-actividades/especificaciones/ET-EDU-002-niveles-dificultad.md,Test,createTestingModule,NO,01-fase-alcance-inicial
01-fase-alcance-inicial/EAI-002-actividades/especificaciones/ET-EDU-002-niveles-dificultad.md,auth,user_roles,SI,01-fase-alcance-inicial
01-fase-alcance-inicial/EAI-002-actividades/especificaciones/ET-EDU-002-niveles-dificultad.md,educational_content,placement_tests,NO,01-fase-alcance-inicial
01-fase-alcance-inicial/EAI-002-actividades/especificaciones/ET-EDU-002-niveles-dificultad.md,expect,stringContaining,NO,01-fase-alcance-inicial
01-fase-alcance-inicial/EAI-002-actividades/especificaciones/ET-EDU-002-niveles-dificultad.md,testRepo,findOne,NO,01-fase-alcance-inicial
01-fase-alcance-inicial/EAI-002-actividades/especificaciones/ET-EDU-002-niveles-dificultad.md,service,checkPromotionEligibility,NO,01-fase-alcance-inicial
01-fase-alcance-inicial/EAI-002-actividades/especificaciones/ET-EDU-002-niveles-dificultad.md,service,promoteUser,NO,01-fase-alcance-inicial
01-fase-alcance-inicial/EAI-002-actividades/especificaciones/ET-EDU-002-niveles-dificultad.md,progressService,getUserProgressByLevel,NO,01-fase-alcance-inicial
01-fase-alcance-inicial/EAI-002-actividades/especificaciones/ET-EDU-002-niveles-dificultad.md,progressService,getUserProgress,NO,01-fase-alcance-inicial
01-fase-alcance-inicial/EAI-002-actividades/especificaciones/ET-EDU-002-niveles-dificultad.md,apiClient,get,NO,01-fase-alcance-inicial
01-fase-alcance-inicial/EAI-002-actividades/especificaciones/ET-EDU-002-niveles-dificultad.md,educational_content,difficulty_criteria,NO,01-fase-alcance-inicial
01-fase-alcance-inicial/EAI-002-actividades/especificaciones/ET-EDU-002-niveles-dificultad.md,Date,now,SI,01-fase-alcance-inicial
01-fase-alcance-inicial/EAI-002-actividades/especificaciones/ET-EDU-002-niveles-dificultad.md,promoteMutation,mutate,NO,01-fase-alcance-inicial
01-fase-alcance-inicial/EAI-002-actividades/especificaciones/ET-EDU-002-niveles-dificultad.md,auth,users,SI,01-fase-alcance-inicial
01-fase-alcance-inicial/EAI-002-actividades/especificaciones/ET-EDU-002-niveles-dificultad.md,jest,fn,NO,01-fase-alcance-inicial
01-fase-alcance-inicial/EAI-002-actividades/especificaciones/ET-EDU-002-niveles-dificultad.md,progress_tracking,difficulty_level_stats,NO,01-fase-alcance-inicial
01-fase-alcance-inicial/EAI-002-actividades/especificaciones/ET-EDU-002-niveles-dificultad.md,progress_tracking,user_difficulty_progress,NO,01-fase-alcance-inicial
01-fase-alcance-inicial/EAI-002-actividades/especificaciones/ET-EDU-002-niveles-dificultad.md,progressService,getLevelStatistics,NO,01-fase-alcance-inicial
01-fase-alcance-inicial/EAI-002-actividades/especificaciones/ET-EDU-002-niveles-dificultad.md,progressService,promoteUser,NO,01-fase-alcance-inicial
01-fase-alcance-inicial/EAI-002-actividades/especificaciones/ET-EDU-002-niveles-dificultad.md,resultRepo,save,NO,01-fase-alcance-inicial
01-fase-alcance-inicial/EAI-002-actividades/especificaciones/ET-EDU-002-niveles-dificultad.md,find,mockResolvedValue,NO,01-fase-alcance-inicial
01-fase-alcance-inicial/EAI-002-actividades/especificaciones/ET-EDU-002-niveles-dificultad.md,public,update_updated_at_column,SI,01-fase-alcance-inicial
01-fase-alcance-inicial/EAI-002-actividades/especificaciones/ET-EDU-002-niveles-dificultad.md,Math,round,NO,01-fase-alcance-inicial
01-fase-alcance-inicial/EAI-002-actividades/especificaciones/ET-EDU-002-niveles-dificultad.md,progressRepo,find,NO,01-fase-alcance-inicial
01-fase-alcance-inicial/EAI-002-actividades/especificaciones/ET-EDU-002-niveles-dificultad.md,cron,schedule,NO,01-fase-alcance-inicial
01-fase-alcance-inicial/EAI-002-actividades/especificaciones/ET-EDU-002-niveles-dificultad.md,gamification_system,notifications,SI,01-fase-alcance-inicial
01-fase-alcance-inicial/EAI-002-actividades/especificaciones/ET-EDU-002-niveles-dificultad.md,progress_tracking,update_difficulty_progress,NO,01-fase-alcance-inicial
01-fase-alcance-inicial/EAI-002-actividades/especificaciones/ET-EDU-002-niveles-dificultad.md,this,checkPromotionEligibility,NO,01-fase-alcance-inicial
01-fase-alcance-inicial/EAI-002-actividades/especificaciones/ET-EDU-002-niveles-dificultad.md,progress_tracking,check_difficulty_promotion_eligibility,NO,01-fase-alcance-inicial
01-fase-alcance-inicial/EAI-002-actividades/especificaciones/ET-EDU-002-niveles-dificultad.md,query,andWhere,NO,01-fase-alcance-inicial
01-fase-alcance-inicial/EAI-002-actividades/especificaciones/ET-EDU-002-niveles-dificultad.md,progress_tracking,promote_user_difficulty_level,NO,01-fase-alcance-inicial
01-fase-alcance-inicial/EAI-002-actividades/especificaciones/ET-EDU-002-niveles-dificultad.md,Object,entries,NO,01-fase-alcance-inicial
01-fase-alcance-inicial/EAI-002-actividades/especificaciones/ET-EDU-002-niveles-dificultad.md,answers,filter,NO,01-fase-alcance-inicial
01-fase-alcance-inicial/EAI-002-actividades/especificaciones/ET-EDU-002-niveles-dificultad.md,resultRepo,findOne,NO,01-fase-alcance-inicial
01-fase-alcance-inicial/EAI-002-actividades/especificaciones/ET-EDU-002-niveles-dificultad.md,progress,map,NO,01-fase-alcance-inicial
01-fase-alcance-inicial/EAI-002-actividades/especificaciones/ET-EDU-002-niveles-dificultad.md,resultRepo,create,NO,01-fase-alcance-inicial
01-fase-alcance-inicial/EAI-002-actividades/especificaciones/ET-EDU-002-niveles-dificultad.md,rejects,toThrow,NO,01-fase-alcance-inicial
01-fase-alcance-inicial/EAI-002-actividades/especificaciones/ET-EDU-002-niveles-dificultad.md,auth,uid,SI,01-fase-alcance-inicial
01-fase-alcance-inicial/EAI-002-actividades/especificaciones/ET-EDU-002-niveles-dificultad.md,this,determineLevelFromScore,NO,01-fase-alcance-inicial
01-fase-alcance-inicial/EAI-002-actividades/especificaciones/ET-EDU-002-niveles-dificultad.md,DIFFICULTY_ORDER,indexOf,NO,01-fase-alcance-inicial
01-fase-alcance-inicial/EAI-002-actividades/especificaciones/ET-EDU-002-niveles-dificultad.md,query,getMany,NO,01-fase-alcance-inicial
01-fase-alcance-inicial/EAI-002-actividades/especificaciones/ET-EDU-002-niveles-dificultad.md,progressRepo,createQueryBuilder,NO,01-fase-alcance-inicial
01-fase-alcance-inicial/EAI-002-actividades/especificaciones/ET-EDU-002-niveles-dificultad.md,submitTestMutation,mutate,NO,01-fase-alcance-inicial
01-fase-alcance-inicial/EAI-002-actividades/especificaciones/ET-EDU-002-niveles-dificultad.md,dataSource,query,NO,01-fase-alcance-inicial
01-fase-alcance-inicial/EAI-002-actividades/especificaciones/ET-EDU-002-niveles-dificultad.md,service,getUserProgress,NO,01-fase-alcance-inicial
01-fase-alcance-inicial/EAI-002-actividades/especificaciones/ET-EDU-001-mecanicas-ejercicios.md,exerciseService,getExercise,NO,01-fase-alcance-inicial
01-fase-alcance-inicial/EAI-002-actividades/especificaciones/ET-EDU-001-mecanicas-ejercicios.md,id,toUpperCase,NO,01-fase-alcance-inicial
01-fase-alcance-inicial/EAI-002-actividades/especificaciones/ET-EDU-001-mecanicas-ejercicios.md,educational_content,modules,SI,01-fase-alcance-inicial
01-fase-alcance-inicial/EAI-002-actividades/especificaciones/ET-EDU-001-mecanicas-ejercicios.md,educational_content,lessons,NO,01-fase-alcance-inicial
01-fase-alcance-inicial/EAI-002-actividades/especificaciones/ET-EDU-001-mecanicas-ejercicios.md,exerciseService,submitAnswer,NO,01-fase-alcance-inicial
01-fase-alcance-inicial/EAI-002-actividades/especificaciones/ET-EDU-001-mecanicas-ejercicios.md,educational_content,validate_exercise_structure,NO,01-fase-alcance-inicial
01-fase-alcance-inicial/EAI-002-actividades/especificaciones/ET-EDU-001-mecanicas-ejercicios.md,validator,validate,NO,01-fase-alcance-inicial
01-fase-alcance-inicial/EAI-002-actividades/especificaciones/ET-EDU-001-mecanicas-ejercicios.md,auth,users,SI,01-fase-alcance-inicial
01-fase-alcance-inicial/EAI-002-actividades/especificaciones/ET-EDU-001-mecanicas-ejercicios.md,educational_content,exercises,SI,01-fase-alcance-inicial
01-fase-alcance-inicial/EAI-002-actividades/especificaciones/ET-EDU-001-mecanicas-ejercicios.md,options,map,SI,01-fase-alcance-inicial
01-fase-alcance-inicial/EAI-002-actividades/especificaciones/ET-EDU-001-mecanicas-ejercicios.md,redis,set,NO,01-fase-alcance-inicial
01-fase-alcance-inicial/EAI-002-actividades/especificaciones/ET-EDU-001-mecanicas-ejercicios.md,JSON,stringify,NO,01-fase-alcance-inicial
01-fase-alcance-inicial/EAI-002-actividades/especificaciones/ET-EDU-001-mecanicas-ejercicios.md,eventEmitter,emit,NO,01-fase-alcance-inicial
01-fase-alcance-inicial/EAI-002-actividades/especificaciones/ET-EDU-001-mecanicas-ejercicios.md,this,getRankMultiplier,NO,01-fase-alcance-inicial
01-fase-alcance-inicial/EAI-002-actividades/especificaciones/ET-EDU-001-mecanicas-ejercicios.md,this,normalize,NO,01-fase-alcance-inicial
01-fase-alcance-inicial/EAI-002-actividades/especificaciones/ET-EDU-001-mecanicas-ejercicios.md,userPairs,find,NO,01-fase-alcance-inicial
01-fase-alcance-inicial/EAI-002-actividades/especificaciones/ET-EDU-001-mecanicas-ejercicios.md,acceptableAnswers,includes,NO,01-fase-alcance-inicial
01-fase-alcance-inicial/EAI-002-actividades/especificaciones/ET-EDU-001-mecanicas-ejercicios.md,educational_content,exercise_mechanic,NO,01-fase-alcance-inicial
01-fase-alcance-inicial/EAI-002-actividades/especificaciones/ET-EDU-001-mecanicas-ejercicios.md,ExerciseValidatorFactory,create,NO,01-fase-alcance-inicial
01-fase-alcance-inicial/EAI-002-actividades/especificaciones/ET-EDU-001-mecanicas-ejercicios.md,Math,round,NO,01-fase-alcance-inicial
01-fase-alcance-inicial/EAI-002-actividades/especificaciones/ET-EDU-001-mecanicas-ejercicios.md,redis,get,NO,01-fase-alcance-inicial
01-fase-alcance-inicial/EAI-002-actividades/especificaciones/ET-EDU-001-mecanicas-ejercicios.md,text,toLowerCase,NO,01-fase-alcance-inicial
01-fase-alcance-inicial/EAI-002-actividades/especificaciones/ET-EDU-001-mecanicas-ejercicios.md,this,getUserRank,NO,01-fase-alcance-inicial
01-fase-alcance-inicial/EAI-002-actividades/especificaciones/ET-EDU-001-mecanicas-ejercicios.md,exerciseService,getHint,NO,01-fase-alcance-inicial
01-fase-alcance-inicial/EAI-002-actividades/especificaciones/ET-EDU-001-mecanicas-ejercicios.md,educational_content,exercise_templates,NO,01-fase-alcance-inicial
01-fase-alcance-inicial/EAI-002-actividades/especificaciones/ET-EDU-001-mecanicas-ejercicios.md,exerciseRepo,findOne,NO,01-fase-alcance-inicial
01-fase-alcance-inicial/EAI-002-actividades/especificaciones/ET-EDU-001-mecanicas-ejercicios.md,JSON,parse,NO,01-fase-alcance-inicial
01-fase-alcance-inicial/EAI-002-actividades/especificaciones/ET-EDU-001-mecanicas-ejercicios.md,this,updateUserStats,NO,01-fase-alcance-inicial
01-fase-alcance-inicial/EAI-002-actividades/especificaciones/ET-EDU-001-mecanicas-ejercicios.md,this,checkAccess,NO,01-fase-alcance-inicial
01-fase-alcance-inicial/EAI-002-actividades/especificaciones/ET-EDU-001-mecanicas-ejercicios.md,this,recordAttempt,NO,01-fase-alcance-inicial
01-fase-alcance-inicial/EAI-002-actividades/especificaciones/ET-EDU-003-taxonomia-bloom.md,query,mockResolvedValue,NO,01-fase-alcance-inicial
01-fase-alcance-inicial/EAI-002-actividades/especificaciones/ET-EDU-003-taxonomia-bloom.md,Test,createTestingModule,NO,01-fase-alcance-inicial
01-fase-alcance-inicial/EAI-002-actividades/especificaciones/ET-EDU-003-taxonomia-bloom.md,auth,user_roles,SI,01-fase-alcance-inicial
01-fase-alcance-inicial/EAI-002-actividades/especificaciones/ET-EDU-003-taxonomia-bloom.md,expect,stringContaining,NO,01-fase-alcance-inicial
01-fase-alcance-inicial/EAI-002-actividades/especificaciones/ET-EDU-003-taxonomia-bloom.md,BLOOM_OPTIONS,map,NO,01-fase-alcance-inicial
01-fase-alcance-inicial/EAI-002-actividades/especificaciones/ET-EDU-003-taxonomia-bloom.md,apiClient,get,NO,01-fase-alcance-inicial
01-fase-alcance-inicial/EAI-002-actividades/especificaciones/ET-EDU-003-taxonomia-bloom.md,progress_tracking,cognitive_performance,NO,01-fase-alcance-inicial
01-fase-alcance-inicial/EAI-002-actividades/especificaciones/ET-EDU-003-taxonomia-bloom.md,profile,every,NO,01-fase-alcance-inicial
01-fase-alcance-inicial/EAI-002-actividades/especificaciones/ET-EDU-003-taxonomia-bloom.md,cognitiveService,getRecommendedExercises,NO,01-fase-alcance-inicial
01-fase-alcance-inicial/EAI-002-actividades/especificaciones/ET-EDU-003-taxonomia-bloom.md,jest,fn,NO,01-fase-alcance-inicial
01-fase-alcance-inicial/EAI-002-actividades/especificaciones/ET-EDU-003-taxonomia-bloom.md,auth,users,SI,01-fase-alcance-inicial
01-fase-alcance-inicial/EAI-002-actividades/especificaciones/ET-EDU-003-taxonomia-bloom.md,educational_content,exercises,SI,01-fase-alcance-inicial
01-fase-alcance-inicial/EAI-002-actividades/especificaciones/ET-EDU-003-taxonomia-bloom.md,profile,filter,NO,01-fase-alcance-inicial
01-fase-alcance-inicial/EAI-002-actividades/especificaciones/ET-EDU-003-taxonomia-bloom.md,weakLevels,map,NO,01-fase-alcance-inicial
01-fase-alcance-inicial/EAI-002-actividades/especificaciones/ET-EDU-003-taxonomia-bloom.md,gamification_system,achievements,SI,01-fase-alcance-inicial
01-fase-alcance-inicial/EAI-002-actividades/especificaciones/ET-EDU-003-taxonomia-bloom.md,cognitiveAnalyticsService,updateCognitivePerformance,NO,01-fase-alcance-inicial
01-fase-alcance-inicial/EAI-002-actividades/especificaciones/ET-EDU-003-taxonomia-bloom.md,this,calculateCategoryRate,NO,01-fase-alcance-inicial
01-fase-alcance-inicial/EAI-002-actividades/especificaciones/ET-EDU-003-taxonomia-bloom.md,achievements,sql,NO,01-fase-alcance-inicial
01-fase-alcance-inicial/EAI-002-actividades/especificaciones/ET-EDU-003-taxonomia-bloom.md,educational_content,cognitive_level_distribution,NO,01-fase-alcance-inicial
01-fase-alcance-inicial/EAI-002-actividades/especificaciones/ET-EDU-003-taxonomia-bloom.md,progress_tracking,get_cognitive_profile,NO,01-fase-alcance-inicial
01-fase-alcance-inicial/EAI-002-actividades/especificaciones/ET-EDU-003-taxonomia-bloom.md,cognitiveService,getCognitiveProfile,NO,01-fase-alcance-inicial
01-fase-alcance-inicial/EAI-002-actividades/especificaciones/ET-EDU-003-taxonomia-bloom.md,service,getCognitiveProfile,NO,01-fase-alcance-inicial
01-fase-alcance-inicial/EAI-002-actividades/especificaciones/ET-EDU-003-taxonomia-bloom.md,selected,filter,NO,01-fase-alcance-inicial
01-fase-alcance-inicial/EAI-002-actividades/especificaciones/ET-EDU-003-taxonomia-bloom.md,selected,includes,NO,01-fase-alcance-inicial
01-fase-alcance-inicial/EAI-002-actividades/especificaciones/ET-EDU-003-taxonomia-bloom.md,public,update_updated_at_column,SI,01-fase-alcance-inicial
01-fase-alcance-inicial/EAI-002-actividades/especificaciones/ET-EDU-003-taxonomia-bloom.md,progress_tracking,get_weak_cognitive_levels,NO,01-fase-alcance-inicial
01-fase-alcance-inicial/EAI-002-actividades/especificaciones/ET-EDU-003-taxonomia-bloom.md,query,mockResolvedValueOnce,NO,01-fase-alcance-inicial
01-fase-alcance-inicial/EAI-002-actividades/especificaciones/ET-EDU-003-taxonomia-bloom.md,Math,round,NO,01-fase-alcance-inicial
01-fase-alcance-inicial/EAI-002-actividades/especificaciones/ET-EDU-003-taxonomia-bloom.md,profile,find,NO,01-fase-alcance-inicial
01-fase-alcance-inicial/EAI-002-actividades/especificaciones/ET-EDU-003-taxonomia-bloom.md,unlockedAchievements,push,NO,01-fase-alcance-inicial
01-fase-alcance-inicial/EAI-002-actividades/especificaciones/ET-EDU-003-taxonomia-bloom.md,cron,schedule,NO,01-fase-alcance-inicial
01-fase-alcance-inicial/EAI-002-actividades/especificaciones/ET-EDU-003-taxonomia-bloom.md,this,getWeakCognitiveLevels,NO,01-fase-alcance-inicial
01-fase-alcance-inicial/EAI-002-actividades/especificaciones/ET-EDU-003-taxonomia-bloom.md,exercises,sql,NO,01-fase-alcance-inicial
01-fase-alcance-inicial/EAI-002-actividades/especificaciones/ET-EDU-003-taxonomia-bloom.md,categoryLevels,reduce,NO,01-fase-alcance-inicial
01-fase-alcance-inicial/EAI-002-actividades/especificaciones/ET-EDU-003-taxonomia-bloom.md,cognitiveService,checkCognitiveAchievements,NO,01-fase-alcance-inicial
01-fase-alcance-inicial/EAI-002-actividades/especificaciones/ET-EDU-003-taxonomia-bloom.md,weak_levels,map,NO,01-fase-alcance-inicial
01-fase-alcance-inicial/EAI-002-actividades/especificaciones/ET-EDU-003-taxonomia-bloom.md,exerciseRepo,findOne,NO,01-fase-alcance-inicial
01-fase-alcance-inicial/EAI-002-actividades/especificaciones/ET-EDU-003-taxonomia-bloom.md,gamification_system,badges,SI,01-fase-alcance-inicial
01-fase-alcance-inicial/EAI-002-actividades/especificaciones/ET-EDU-003-taxonomia-bloom.md,profile,map,SI,01-fase-alcance-inicial
01-fase-alcance-inicial/EAI-002-actividades/especificaciones/ET-EDU-003-taxonomia-bloom.md,progress_tracking,update_cognitive_performance,NO,01-fase-alcance-inicial
01-fase-alcance-inicial/EAI-002-actividades/especificaciones/ET-EDU-003-taxonomia-bloom.md,auth,uid,SI,01-fase-alcance-inicial
01-fase-alcance-inicial/EAI-002-actividades/especificaciones/ET-EDU-003-taxonomia-bloom.md,service,ts,SI,01-fase-alcance-inicial
01-fase-alcance-inicial/EAI-002-actividades/especificaciones/ET-EDU-003-taxonomia-bloom.md,jest,spyOn,NO,01-fase-alcance-inicial
01-fase-alcance-inicial/EAI-002-actividades/especificaciones/ET-EDU-003-taxonomia-bloom.md,service,checkCognitiveAchievements,NO,01-fase-alcance-inicial
01-fase-alcance-inicial/EAI-002-actividades/especificaciones/ET-EDU-003-taxonomia-bloom.md,service,getWeakCognitiveLevels,NO,01-fase-alcance-inicial
01-fase-alcance-inicial/EAI-002-actividades/especificaciones/ET-EDU-003-taxonomia-bloom.md,cognitiveService,getWeakCognitiveLevels,NO,01-fase-alcance-inicial
01-fase-alcance-inicial/EAI-002-actividades/especificaciones/ET-EDU-003-taxonomia-bloom.md,dataSource,query,NO,01-fase-alcance-inicial
01-fase-alcance-inicial/EAI-002-actividades/especificaciones/ET-EDU-003-taxonomia-bloom.md,this,getCognitiveProfile,NO,01-fase-alcance-inicial
01-fase-alcance-inicial/EAI-002-actividades/requerimientos/RF-EDU-002-niveles-dificultad.md,educational_content,difficulty_parameters,NO,01-fase-alcance-inicial
01-fase-alcance-inicial/EAI-002-actividades/requerimientos/RF-EDU-002-niveles-dificultad.md,educational_content,difficulty_level,SI,01-fase-alcance-inicial
01-fase-alcance-inicial/EAI-002-actividades/requerimientos/RF-EDU-002-niveles-dificultad.md,educational_content,exercises,SI,01-fase-alcance-inicial
01-fase-alcance-inicial/EAI-002-actividades/requerimientos/RF-EDU-002-niveles-dificultad.md,progress_tracking,exercise_attempts,SI,01-fase-alcance-inicial
01-fase-alcance-inicial/EAI-002-actividades/requerimientos/RF-EDU-001-mecanicas-ejercicios.md,educational_content,exercise_mechanic,NO,01-fase-alcance-inicial
01-fase-alcance-inicial/EAI-002-actividades/requerimientos/RF-EDU-001-mecanicas-ejercicios.md,educational_content,exercises,SI,01-fase-alcance-inicial
01-fase-alcance-inicial/EAI-002-actividades/requerimientos/RF-EDU-001-mecanicas-ejercicios.md,this,validateAnswer,NO,01-fase-alcance-inicial
01-fase-alcance-inicial/EAI-002-actividades/requerimientos/RF-EDU-001-mecanicas-ejercicios.md,educational_content,exercise_templates,NO,01-fase-alcance-inicial
01-fase-alcance-inicial/EAI-002-actividades/requerimientos/RF-EDU-001-mecanicas-ejercicios.md,exerciseRepo,findOne,NO,01-fase-alcance-inicial
01-fase-alcance-inicial/EAI-002-actividades/requerimientos/RF-EDU-001-mecanicas-ejercicios.md,exerciseService,submitAnswer,NO,01-fase-alcance-inicial
01-fase-alcance-inicial/EAI-002-actividades/requerimientos/RF-EDU-003-taxonomia-bloom.md,educational_content,cognitive_level,NO,01-fase-alcance-inicial
01-fase-alcance-inicial/EAI-002-actividades/requerimientos/RF-EDU-003-taxonomia-bloom.md,cognitiveRepo,findOne,NO,01-fase-alcance-inicial
01-fase-alcance-inicial/EAI-002-actividades/requerimientos/RF-EDU-003-taxonomia-bloom.md,hots,reduce,NO,01-fase-alcance-inicial
01-fase-alcance-inicial/EAI-002-actividades/requerimientos/RF-EDU-003-taxonomia-bloom.md,apiClient,get,NO,01-fase-alcance-inicial
01-fase-alcance-inicial/EAI-002-actividades/requerimientos/RF-EDU-003-taxonomia-bloom.md,progress_tracking,cognitive_performance,NO,01-fase-alcance-inicial
01-fase-alcance-inicial/EAI-002-actividades/requerimientos/RF-EDU-003-taxonomia-bloom.md,cognitiveRepo,find,NO,01-fase-alcance-inicial
01-fase-alcance-inicial/EAI-002-actividades/requerimientos/RF-EDU-003-taxonomia-bloom.md,auth,users,SI,01-fase-alcance-inicial
01-fase-alcance-inicial/EAI-002-actividades/requerimientos/RF-EDU-003-taxonomia-bloom.md,educational_content,exercises,SI,01-fase-alcance-inicial
01-fase-alcance-inicial/EAI-002-actividades/requerimientos/RF-EDU-003-taxonomia-bloom.md,profile,filter,NO,01-fase-alcance-inicial
01-fase-alcance-inicial/EAI-002-actividades/requerimientos/RF-EDU-003-taxonomia-bloom.md,cognitiveService,getCognitiveProfile,NO,01-fase-alcance-inicial
01-fase-alcance-inicial/EAI-002-actividades/requerimientos/RF-EDU-003-taxonomia-bloom.md,lots,reduce,NO,01-fase-alcance-inicial
01-fase-alcance-inicial/EAI-002-actividades/requerimientos/RF-EDU-003-taxonomia-bloom.md,Math,round,NO,01-fase-alcance-inicial
01-fase-alcance-inicial/EAI-002-actividades/requerimientos/RF-EDU-003-taxonomia-bloom.md,this,calculateHOTSRate,NO,01-fase-alcance-inicial
01-fase-alcance-inicial/EAI-002-actividades/requerimientos/RF-EDU-003-taxonomia-bloom.md,this,calculateLOTSRate,NO,01-fase-alcance-inicial
01-fase-alcance-inicial/EAI-002-actividades/requerimientos/RF-EDU-003-taxonomia-bloom.md,weak_levels,map,NO,01-fase-alcance-inicial
01-fase-alcance-inicial/EAI-002-actividades/requerimientos/RF-EDU-003-taxonomia-bloom.md,exercises,sql,NO,01-fase-alcance-inicial
01-fase-alcance-inicial/EAI-002-actividades/requerimientos/RF-EDU-003-taxonomia-bloom.md,this,getStatusLabel,NO,01-fase-alcance-inicial
01-fase-alcance-inicial/EAI-002-actividades/requerimientos/RF-EDU-003-taxonomia-bloom.md,profile,map,SI,01-fase-alcance-inicial
01-fase-alcance-inicial/EAI-002-actividades/requerimientos/RF-EDU-003-taxonomia-bloom.md,cognitiveRepo,save,NO,01-fase-alcance-inicial
01-fase-alcance-inicial/EAI-002-actividades/historias-usuario/US-ACT-006-mecanica-asociacion.md,pairs,map,NO,01-fase-alcance-inicial
01-fase-alcance-inicial/EAI-002-actividades/historias-usuario/US-ACT-006-mecanica-asociacion.md,pairs,some,NO,01-fase-alcance-inicial
01-fase-alcance-inicial/EAI-002-actividades/historias-usuario/US-ACT-006-mecanica-asociacion.md,rightColumn,map,NO,01-fase-alcance-inicial
01-fase-alcance-inicial/EAI-002-actividades/historias-usuario/US-ACT-006-mecanica-asociacion.md,pairs,filter,NO,01-fase-alcance-inicial
01-fase-alcance-inicial/EAI-002-actividades/historias-usuario/US-ACT-006-mecanica-asociacion.md,leftColumn,find,NO,01-fase-alcance-inicial
01-fase-alcance-inicial/EAI-002-actividades/historias-usuario/US-ACT-006-mecanica-asociacion.md,leftColumn,map,NO,01-fase-alcance-inicial
01-fase-alcance-inicial/EAI-002-actividades/historias-usuario/US-ACT-006-mecanica-asociacion.md,correctPairs,every,NO,01-fase-alcance-inicial
01-fase-alcance-inicial/EAI-002-actividades/historias-usuario/US-ACT-006-mecanica-asociacion.md,rightColumn,find,NO,01-fase-alcance-inicial
01-fase-alcance-inicial/EAI-002-actividades/historias-usuario/US-ACT-001-mecanica-opcion-multiple.md,gamificationService,awardXP,NO,01-fase-alcance-inicial
01-fase-alcance-inicial/EAI-002-actividades/historias-usuario/US-ACT-001-mecanica-opcion-multiple.md,MultipleChoiceActivity,tsx,NO,01-fase-alcance-inicial
01-fase-alcance-inicial/EAI-002-actividades/historias-usuario/US-ACT-001-mecanica-opcion-multiple.md,activitiesService,ts,NO,01-fase-alcance-inicial
01-fase-alcance-inicial/EAI-002-actividades/historias-usuario/US-ACT-001-mecanica-opcion-multiple.md,gamificationService,awardCoins,NO,01-fase-alcance-inicial
01-fase-alcance-inicial/EAI-002-actividades/historias-usuario/US-ACT-001-mecanica-opcion-multiple.md,console,error,NO,01-fase-alcance-inicial
01-fase-alcance-inicial/EAI-002-actividades/historias-usuario/US-ACT-001-mecanica-opcion-multiple.md,options,map,SI,01-fase-alcance-inicial
01-fase-alcance-inicial/EAI-002-actividades/historias-usuario/US-ACT-001-mecanica-opcion-multiple.md,this,getCorrectAnswer,NO,01-fase-alcance-inicial
01-fase-alcance-inicial/EAI-002-actividades/historias-usuario/US-ACT-001-mecanica-opcion-multiple.md,options,find,NO,01-fase-alcance-inicial
01-fase-alcance-inicial/EAI-002-actividades/historias-usuario/US-ACT-001-mecanica-opcion-multiple.md,ActivitiesService,submitAnswer,NO,01-fase-alcance-inicial
01-fase-alcance-inicial/EAI-002-actividades/historias-usuario/US-ACT-001-mecanica-opcion-multiple.md,this,validateMultipleChoice,NO,01-fase-alcance-inicial
01-fase-alcance-inicial/EAI-002-actividades/historias-usuario/US-ACT-001-mecanica-opcion-multiple.md,attemptsRepository,save,NO,01-fase-alcance-inicial
01-fase-alcance-inicial/EAI-002-actividades/historias-usuario/US-ACT-001-mecanica-opcion-multiple.md,activitiesService,submitAnswer,NO,01-fase-alcance-inicial
01-fase-alcance-inicial/EAI-002-actividades/historias-usuario/US-ACT-001-mecanica-opcion-multiple.md,this,getActivity,NO,01-fase-alcance-inicial
01-fase-alcance-inicial/EAI-002-actividades/historias-usuario/US-ACT-001-mecanica-opcion-multiple.md,ActivitiesService,getActivity,NO,01-fase-alcance-inicial
01-fase-alcance-inicial/EAI-002-actividades/historias-usuario/US-ACT-001-mecanica-opcion-multiple.md,activitiesRepository,findOne,NO,01-fase-alcance-inicial
01-fase-alcance-inicial/EAI-002-actividades/historias-usuario/US-ACT-003-mecanica-completar-texto.md,blanks,every,NO,01-fase-alcance-inicial
01-fase-alcance-inicial/EAI-002-actividades/historias-usuario/US-ACT-003-mecanica-completar-texto.md,FillBlankActivity,tsx,NO,01-fase-alcance-inicial
01-fase-alcance-inicial/EAI-002-actividades/historias-usuario/US-ACT-003-mecanica-completar-texto.md,text,split,NO,01-fase-alcance-inicial
01-fase-alcance-inicial/EAI-002-actividades/historias-usuario/US-ACT-003-mecanica-completar-texto.md,parts,map,NO,01-fase-alcance-inicial
01-fase-alcance-inicial/EAI-002-actividades/historias-usuario/US-ACT-003-mecanica-completar-texto.md,accepted,toLowerCase,NO,01-fase-alcance-inicial
01-fase-alcance-inicial/EAI-002-actividades/historias-usuario/US-ACT-003-mecanica-completar-texto.md,acceptedAnswers,some,NO,01-fase-alcance-inicial
01-fase-alcance-inicial/EAI-002-actividades/historias-usuario/US-ACT-008-navegacion-actividades.md,gamificationService,awardXP,NO,01-fase-alcance-inicial
01-fase-alcance-inicial/EAI-002-actividades/historias-usuario/US-ACT-008-navegacion-actividades.md,moduleProgressRepository,save,NO,01-fase-alcance-inicial
01-fase-alcance-inicial/EAI-002-actividades/historias-usuario/US-ACT-008-navegacion-actividades.md,this,getModuleProgress,NO,01-fase-alcance-inicial
01-fase-alcance-inicial/EAI-002-actividades/historias-usuario/US-ACT-008-navegacion-actividades.md,completedActivityIds,has,NO,01-fase-alcance-inicial
01-fase-alcance-inicial/EAI-002-actividades/historias-usuario/US-ACT-008-navegacion-actividades.md,gamificationService,awardCoins,NO,01-fase-alcance-inicial
01-fase-alcance-inicial/EAI-002-actividades/historias-usuario/US-ACT-008-navegacion-actividades.md,modulesService,completeModule,NO,01-fase-alcance-inicial
01-fase-alcance-inicial/EAI-002-actividades/historias-usuario/US-ACT-008-navegacion-actividades.md,attemptsRepository,find,NO,01-fase-alcance-inicial
01-fase-alcance-inicial/EAI-002-actividades/historias-usuario/US-ACT-008-navegacion-actividades.md,completedAttempts,map,NO,01-fase-alcance-inicial
01-fase-alcance-inicial/EAI-002-actividades/historias-usuario/US-ACT-008-navegacion-actividades.md,gamificationService,awardBadge,NO,01-fase-alcance-inicial
01-fase-alcance-inicial/EAI-002-actividades/historias-usuario/US-ACT-008-navegacion-actividades.md,activities,map,NO,01-fase-alcance-inicial
01-fase-alcance-inicial/EAI-002-actividades/historias-usuario/US-ACT-008-navegacion-actividades.md,activitiesRepository,find,NO,01-fase-alcance-inicial
01-fase-alcance-inicial/EAI-002-actividades/historias-usuario/US-ACT-008-navegacion-actividades.md,modulesRepository,findOne,NO,01-fase-alcance-inicial
01-fase-alcance-inicial/EAI-002-actividades/historias-usuario/US-ACT-004-mecanica-drag-drop.md,Object,keys,NO,01-fase-alcance-inicial
01-fase-alcance-inicial/EAI-002-actividades/historias-usuario/US-ACT-004-mecanica-drag-drop.md,dropZones,map,NO,01-fase-alcance-inicial
01-fase-alcance-inicial/EAI-002-actividades/historias-usuario/US-ACT-004-mecanica-drag-drop.md,correctItemIds,includes,NO,01-fase-alcance-inicial
01-fase-alcance-inicial/EAI-002-actividades/historias-usuario/US-ACT-004-mecanica-drag-drop.md,activitiesService,submitAnswer,NO,01-fase-alcance-inicial
01-fase-alcance-inicial/EAI-002-actividades/historias-usuario/US-ACT-004-mecanica-drag-drop.md,draggableItems,every,NO,01-fase-alcance-inicial
01-fase-alcance-inicial/EAI-002-actividades/historias-usuario/US-ACT-004-mecanica-drag-drop.md,dropZones,find,NO,01-fase-alcance-inicial
01-fase-alcance-inicial/EAI-002-actividades/historias-usuario/US-ACT-005-mecanica-ordenamiento.md,items,map,NO,01-fase-alcance-inicial
01-fase-alcance-inicial/EAI-002-actividades/historias-usuario/US-ACT-005-mecanica-ordenamiento.md,JSON,stringify,NO,01-fase-alcance-inicial
01-fase-alcance-inicial/EAI-002-actividades/historias-usuario/US-ACT-005-mecanica-ordenamiento.md,items,findIndex,NO,01-fase-alcance-inicial
01-fase-alcance-inicial/EAI-002-actividades/historias-usuario/US-ACT-002-mecanica-verdadero-falso.md,TrueFalseActivity,tsx,NO,01-fase-alcance-inicial
01-fase-alcance-inicial/EAI-002-actividades/historias-usuario/US-ACT-002-mecanica-verdadero-falso.md,activitiesService,submitAnswer,NO,01-fase-alcance-inicial
01-fase-alcance-inicial/EAI-002-actividades/historias-usuario/US-ACT-007-sistema-feedback-basico.md,toast,success,NO,01-fase-alcance-inicial
01-fase-alcance-inicial/EAI-002-actividades/historias-usuario/US-ACT-007-sistema-feedback-basico.md,Math,floor,NO,01-fase-alcance-inicial
01-fase-alcance-inicial/EAI-002-actividades/historias-usuario/US-ACT-007-sistema-feedback-basico.md,Math,random,NO,01-fase-alcance-inicial
01-fase-alcance-inicial/EAI-002-actividades/historias-usuario/US-ACT-007-sistema-feedback-basico.md,toast,error,NO,01-fase-alcance-inicial
01-fase-alcance-inicial/EAI-004-analytics/README.md,README,md,NO,01-fase-alcance-inicial
01-fase-alcance-inicial/EAI-004-analytics/historias-usuario/US-ANA-003-vista-estudiante-individual.md,Promise,all,NO,01-fase-alcance-inicial
01-fase-alcance-inicial/EAI-004-analytics/historias-usuario/US-ANA-003-vista-estudiante-individual.md,analyticsService,getStudentProfile,NO,01-fase-alcance-inicial
01-fase-alcance-inicial/EAI-004-analytics/historias-usuario/US-ANA-003-vista-estudiante-individual.md,this,calculateModuleProgress,NO,01-fase-alcance-inicial
01-fase-alcance-inicial/EAI-004-analytics/historias-usuario/US-ANA-003-vista-estudiante-individual.md,searchParams,get,NO,01-fase-alcance-inicial
01-fase-alcance-inicial/EAI-004-analytics/historias-usuario/US-ANA-003-vista-estudiante-individual.md,teacherAnalyticsApi,getStudentProfile,NO,01-fase-alcance-inicial
01-fase-alcance-inicial/EAI-004-analytics/historias-usuario/US-ANA-003-vista-estudiante-individual.md,this,getStudentRecentActivities,NO,01-fase-alcance-inicial
01-fase-alcance-inicial/EAI-004-analytics/historias-usuario/US-ANA-003-vista-estudiante-individual.md,modules,map,SI,01-fase-alcance-inicial
01-fase-alcance-inicial/EAI-004-analytics/historias-usuario/US-ANA-003-vista-estudiante-individual.md,this,validateTeacherAccessToStudent,NO,01-fase-alcance-inicial
01-fase-alcance-inicial/EAI-004-analytics/historias-usuario/US-ANA-003-vista-estudiante-individual.md,this,getStudentBasicProfile,NO,01-fase-alcance-inicial
01-fase-alcance-inicial/EAI-004-analytics/historias-usuario/US-ANA-003-vista-estudiante-individual.md,this,getModuleStatus,NO,01-fase-alcance-inicial
01-fase-alcance-inicial/EAI-004-analytics/historias-usuario/US-ANA-003-vista-estudiante-individual.md,activities,map,NO,01-fase-alcance-inicial
01-fase-alcance-inicial/EAI-004-analytics/historias-usuario/US-ANA-003-vista-estudiante-individual.md,classroomService,getAssignedModules,NO,01-fase-alcance-inicial
01-fase-alcance-inicial/EAI-004-analytics/historias-usuario/US-ANA-003-vista-estudiante-individual.md,assignedModules,map,NO,01-fase-alcance-inicial
01-fase-alcance-inicial/EAI-004-analytics/historias-usuario/US-ANA-003-vista-estudiante-individual.md,this,getStudentTimeMetrics,NO,01-fase-alcance-inicial
01-fase-alcance-inicial/EAI-004-analytics/historias-usuario/US-ANA-003-vista-estudiante-individual.md,this,getStudentModuleProgress,NO,01-fase-alcance-inicial
01-fase-alcance-inicial/EAI-004-analytics/historias-usuario/US-ANA-006-identificacion-rezagados.md,Math,abs,NO,01-fase-alcance-inicial
01-fase-alcance-inicial/EAI-004-analytics/historias-usuario/US-ANA-006-identificacion-rezagados.md,this,getStudentLastActivityDate,NO,01-fase-alcance-inicial
01-fase-alcance-inicial/EAI-004-analytics/historias-usuario/US-ANA-006-identificacion-rezagados.md,this,countModulesIncomplete,NO,01-fase-alcance-inicial
01-fase-alcance-inicial/EAI-004-analytics/historias-usuario/US-ANA-006-identificacion-rezagados.md,analyzedStudents,filter,NO,01-fase-alcance-inicial
01-fase-alcance-inicial/EAI-004-analytics/historias-usuario/US-ANA-006-identificacion-rezagados.md,this,calculateRiskSummary,NO,01-fase-alcance-inicial
01-fase-alcance-inicial/EAI-004-analytics/historias-usuario/US-ANA-006-identificacion-rezagados.md,students,map,NO,01-fase-alcance-inicial
01-fase-alcance-inicial/EAI-004-analytics/historias-usuario/US-ANA-006-identificacion-rezagados.md,filteredStudents,sort,NO,01-fase-alcance-inicial
01-fase-alcance-inicial/EAI-004-analytics/historias-usuario/US-ANA-006-identificacion-rezagados.md,this,analyzeStudentRisk,NO,01-fase-alcance-inicial
01-fase-alcance-inicial/EAI-004-analytics/historias-usuario/US-ANA-006-identificacion-rezagados.md,e,stopPropagation,NO,01-fase-alcance-inicial
01-fase-alcance-inicial/EAI-004-analytics/historias-usuario/US-ANA-006-identificacion-rezagados.md,Promise,all,NO,01-fase-alcance-inicial
01-fase-alcance-inicial/EAI-004-analytics/historias-usuario/US-ANA-006-identificacion-rezagados.md,classroomService,getStudents,NO,01-fase-alcance-inicial
01-fase-alcance-inicial/EAI-004-analytics/historias-usuario/US-ANA-006-identificacion-rezagados.md,this,validateTeacherAccess,NO,01-fase-alcance-inicial
01-fase-alcance-inicial/EAI-004-analytics/historias-usuario/US-ANA-006-identificacion-rezagados.md,Math,round,NO,01-fase-alcance-inicial
01-fase-alcance-inicial/EAI-004-analytics/historias-usuario/US-ANA-006-identificacion-rezagados.md,this,calculateClassAverageProgress,NO,01-fase-alcance-inicial
01-fase-alcance-inicial/EAI-004-analytics/historias-usuario/US-ANA-006-identificacion-rezagados.md,analyticsService,getAtRiskStudents,NO,01-fase-alcance-inicial
01-fase-alcance-inicial/EAI-004-analytics/historias-usuario/US-ANA-006-identificacion-rezagados.md,this,getStudentProgress,NO,01-fase-alcance-inicial
01-fase-alcance-inicial/EAI-004-analytics/historias-usuario/US-ANA-006-identificacion-rezagados.md,this,countModulesNotStarted,NO,01-fase-alcance-inicial
01-fase-alcance-inicial/EAI-004-analytics/historias-usuario/US-ANA-006-identificacion-rezagados.md,this,calculateRiskLevel,NO,01-fase-alcance-inicial
01-fase-alcance-inicial/EAI-004-analytics/historias-usuario/US-ANA-006-identificacion-rezagados.md,this,getStudentLastActivity,NO,01-fase-alcance-inicial
01-fase-alcance-inicial/EAI-004-analytics/historias-usuario/US-ANA-006-identificacion-rezagados.md,students,filter,NO,01-fase-alcance-inicial
01-fase-alcance-inicial/EAI-004-analytics/historias-usuario/US-ANA-002-tabla-estudiantes-metricas.md,order,toUpperCase,NO,01-fase-alcance-inicial
01-fase-alcance-inicial/EAI-004-analytics/historias-usuario/US-ANA-002-tabla-estudiantes-metricas.md,students,map,NO,01-fase-alcance-inicial
01-fase-alcance-inicial/EAI-004-analytics/historias-usuario/US-ANA-002-tabla-estudiantes-metricas.md,teacherAnalyticsApi,getStudents,NO,01-fase-alcance-inicial
01-fase-alcance-inicial/EAI-004-analytics/historias-usuario/US-ANA-002-tabla-estudiantes-metricas.md,queryBuilder,orderBy,NO,01-fase-alcance-inicial
01-fase-alcance-inicial/EAI-004-analytics/historias-usuario/US-ANA-002-tabla-estudiantes-metricas.md,student,name,SI,01-fase-alcance-inicial
01-fase-alcance-inicial/EAI-004-analytics/historias-usuario/US-ANA-002-tabla-estudiantes-metricas.md,this,validateTeacherAccess,NO,01-fase-alcance-inicial
01-fase-alcance-inicial/EAI-004-analytics/historias-usuario/US-ANA-002-tabla-estudiantes-metricas.md,StudentListTable,tsx,NO,01-fase-alcance-inicial
01-fase-alcance-inicial/EAI-004-analytics/historias-usuario/US-ANA-002-tabla-estudiantes-metricas.md,queryBuilder,skip,NO,01-fase-alcance-inicial
01-fase-alcance-inicial/EAI-004-analytics/historias-usuario/US-ANA-002-tabla-estudiantes-metricas.md,Math,ceil,NO,01-fase-alcance-inicial
01-fase-alcance-inicial/EAI-004-analytics/historias-usuario/US-ANA-002-tabla-estudiantes-metricas.md,this,mapSortField,NO,01-fase-alcance-inicial
01-fase-alcance-inicial/EAI-004-analytics/historias-usuario/US-ANA-002-tabla-estudiantes-metricas.md,this,mapStudentToDto,NO,01-fase-alcance-inicial
01-fase-alcance-inicial/EAI-004-analytics/historias-usuario/US-ANA-002-tabla-estudiantes-metricas.md,e,stopPropagation,NO,01-fase-alcance-inicial
01-fase-alcance-inicial/EAI-004-analytics/historias-usuario/US-ANA-002-tabla-estudiantes-metricas.md,queryBuilder,getManyAndCount,NO,01-fase-alcance-inicial
01-fase-alcance-inicial/EAI-004-analytics/historias-usuario/US-ANA-002-tabla-estudiantes-metricas.md,analyticsService,getClassroomStudents,NO,01-fase-alcance-inicial
01-fase-alcance-inicial/EAI-004-analytics/historias-usuario/US-ANA-002-tabla-estudiantes-metricas.md,queryBuilder,where,NO,01-fase-alcance-inicial
01-fase-alcance-inicial/EAI-004-analytics/historias-usuario/US-ANA-004-reporte-basico-progreso.md,contentDisposition,split,NO,01-fase-alcance-inicial
01-fase-alcance-inicial/EAI-004-analytics/historias-usuario/US-ANA-004-reporte-basico-progreso.md,res,setHeader,NO,01-fase-alcance-inicial
01-fase-alcance-inicial/EAI-004-analytics/historias-usuario/US-ANA-004-reporte-basico-progreso.md,csvLines,push,NO,01-fase-alcance-inicial
01-fase-alcance-inicial/EAI-004-analytics/historias-usuario/US-ANA-004-reporte-basico-progreso.md,URL,createObjectURL,NO,01-fase-alcance-inicial
01-fase-alcance-inicial/EAI-004-analytics/historias-usuario/US-ANA-004-reporte-basico-progreso.md,a,remove,SI,01-fase-alcance-inicial
01-fase-alcance-inicial/EAI-004-analytics/historias-usuario/US-ANA-004-reporte-basico-progreso.md,this,getProgressReport,NO,01-fase-alcance-inicial
01-fase-alcance-inicial/EAI-004-analytics/historias-usuario/US-ANA-004-reporte-basico-progreso.md,this,calculateModuleProgressStats,NO,01-fase-alcance-inicial
01-fase-alcance-inicial/EAI-004-analytics/historias-usuario/US-ANA-004-reporte-basico-progreso.md,body,appendChild,NO,01-fase-alcance-inicial
01-fase-alcance-inicial/EAI-004-analytics/historias-usuario/US-ANA-004-reporte-basico-progreso.md,moduleName,localeCompare,NO,01-fase-alcance-inicial
01-fase-alcance-inicial/EAI-004-analytics/historias-usuario/US-ANA-004-reporte-basico-progreso.md,URL,revokeObjectURL,NO,01-fase-alcance-inicial
01-fase-alcance-inicial/EAI-004-analytics/historias-usuario/US-ANA-004-reporte-basico-progreso.md,Date,now,SI,01-fase-alcance-inicial
01-fase-alcance-inicial/EAI-004-analytics/historias-usuario/US-ANA-004-reporte-basico-progreso.md,csvLines,join,NO,01-fase-alcance-inicial
01-fase-alcance-inicial/EAI-004-analytics/historias-usuario/US-ANA-004-reporte-basico-progreso.md,overallProgress,toFixed,NO,01-fase-alcance-inicial
01-fase-alcance-inicial/EAI-004-analytics/historias-usuario/US-ANA-004-reporte-basico-progreso.md,moduleProgress,sort,NO,01-fase-alcance-inicial
01-fase-alcance-inicial/EAI-004-analytics/historias-usuario/US-ANA-004-reporte-basico-progreso.md,headers,get,NO,01-fase-alcance-inicial
01-fase-alcance-inicial/EAI-004-analytics/historias-usuario/US-ANA-004-reporte-basico-progreso.md,res,send,NO,01-fase-alcance-inicial
01-fase-alcance-inicial/EAI-004-analytics/historias-usuario/US-ANA-004-reporte-basico-progreso.md,classroomService,getAssignedModules,NO,01-fase-alcance-inicial
01-fase-alcance-inicial/EAI-004-analytics/historias-usuario/US-ANA-004-reporte-basico-progreso.md,Promise,all,NO,01-fase-alcance-inicial
01-fase-alcance-inicial/EAI-004-analytics/historias-usuario/US-ANA-004-reporte-basico-progreso.md,classroomService,getStudents,NO,01-fase-alcance-inicial
01-fase-alcance-inicial/EAI-004-analytics/historias-usuario/US-ANA-004-reporte-basico-progreso.md,this,validateTeacherAccess,NO,01-fase-alcance-inicial
01-fase-alcance-inicial/EAI-004-analytics/historias-usuario/US-ANA-004-reporte-basico-progreso.md,document,createElement,NO,01-fase-alcance-inicial
01-fase-alcance-inicial/EAI-004-analytics/historias-usuario/US-ANA-004-reporte-basico-progreso.md,analyticsService,getProgressReport,NO,01-fase-alcance-inicial
01-fase-alcance-inicial/EAI-004-analytics/historias-usuario/US-ANA-004-reporte-basico-progreso.md,modules,map,SI,01-fase-alcance-inicial
01-fase-alcance-inicial/EAI-004-analytics/historias-usuario/US-ANA-004-reporte-basico-progreso.md,a,click,SI,01-fase-alcance-inicial
01-fase-alcance-inicial/EAI-004-analytics/historias-usuario/US-ANA-004-reporte-basico-progreso.md,analyticsService,exportProgressReportCSV,NO,01-fase-alcance-inicial
01-fase-alcance-inicial/EAI-004-analytics/historias-usuario/US-ANA-004-reporte-basico-progreso.md,this,generateFilename,NO,01-fase-alcance-inicial
01-fase-alcance-inicial/EAI-004-analytics/historias-usuario/US-ANA-004-reporte-basico-progreso.md,moduleProgress,forEach,NO,01-fase-alcance-inicial
01-fase-alcance-inicial/EAI-004-analytics/historias-usuario/US-ANA-004-reporte-basico-progreso.md,toast,error,NO,01-fase-alcance-inicial
01-fase-alcance-inicial/EAI-004-analytics/historias-usuario/US-ANA-004-reporte-basico-progreso.md,classroomService,findById,NO,01-fase-alcance-inicial
01-fase-alcance-inicial/EAI-004-analytics/historias-usuario/US-ANA-004-reporte-basico-progreso.md,this,calculateSummary,NO,01-fase-alcance-inicial
01-fase-alcance-inicial/EAI-004-analytics/historias-usuario/US-ANA-004-reporte-basico-progreso.md,response,blob,NO,01-fase-alcance-inicial
01-fase-alcance-inicial/EAI-004-analytics/historias-usuario/US-ANA-004-reporte-basico-progreso.md,averageProgress,toFixed,NO,01-fase-alcance-inicial
01-fase-alcance-inicial/EAI-004-analytics/historias-usuario/US-ANA-004-reporte-basico-progreso.md,this,getStudentModuleProgress,NO,01-fase-alcance-inicial
01-fase-alcance-inicial/EAI-004-analytics/historias-usuario/US-ANA-005-tracking-actividad.md,this,calculateDateRange,NO,01-fase-alcance-inicial
01-fase-alcance-inicial/EAI-004-analytics/historias-usuario/US-ANA-005-tracking-actividad.md,this,validateTeacherAccess,NO,01-fase-alcance-inicial
01-fase-alcance-inicial/EAI-004-analytics/historias-usuario/US-ANA-005-tracking-actividad.md,analyticsService,getActivityFeed,NO,01-fase-alcance-inicial
01-fase-alcance-inicial/EAI-004-analytics/historias-usuario/US-ANA-005-tracking-actividad.md,this,getActivityStats,NO,01-fase-alcance-inicial
01-fase-alcance-inicial/EAI-004-analytics/historias-usuario/US-ANA-005-tracking-actividad.md,activities,map,NO,01-fase-alcance-inicial
01-fase-alcance-inicial/EAI-004-analytics/historias-usuario/US-ANA-005-tracking-actividad.md,this,getActivityByDay,NO,01-fase-alcance-inicial
01-fase-alcance-inicial/EAI-004-analytics/historias-usuario/US-ANA-005-tracking-actividad.md,this,mapActivityLog,NO,01-fase-alcance-inicial
01-fase-alcance-inicial/EAI-004-analytics/historias-usuario/US-ANA-001-dashboard-clase-basico.md,this,getLevelDistribution,NO,01-fase-alcance-inicial
01-fase-alcance-inicial/EAI-004-analytics/historias-usuario/US-ANA-001-dashboard-clase-basico.md,this,getModuleCompletion,NO,01-fase-alcance-inicial
01-fase-alcance-inicial/EAI-004-analytics/historias-usuario/US-ANA-001-dashboard-clase-basico.md,this,getModuleProgress,NO,01-fase-alcance-inicial
01-fase-alcance-inicial/EAI-004-analytics/historias-usuario/US-ANA-001-dashboard-clase-basico.md,this,validateTeacherAccess,NO,01-fase-alcance-inicial
01-fase-alcance-inicial/EAI-004-analytics/historias-usuario/US-ANA-001-dashboard-clase-basico.md,teacherAnalyticsApi,getDashboard,NO,01-fase-alcance-inicial
01-fase-alcance-inicial/EAI-004-analytics/historias-usuario/US-ANA-001-dashboard-clase-basico.md,this,calculateClassMetrics,NO,01-fase-alcance-inicial
01-fase-alcance-inicial/EAI-004-analytics/historias-usuario/US-ANA-001-dashboard-clase-basico.md,analyticsService,getClassroomDashboard,NO,01-fase-alcance-inicial
01-fase-alcance-inicial/EAI-004-analytics/historias-usuario/US-ANA-001-dashboard-clase-basico.md,this,getRecentActivities,NO,01-fase-alcance-inicial
01-fase-alcance-inicial/EAI-004-analytics/historias-usuario/US-ANA-001-dashboard-clase-basico.md,ClassroomDashboard,tsx,NO,01-fase-alcance-inicial
95-guias-desarrollo/VALIDACION-REFERENCIAS-DB-FRONTEND.md,public,comodin_type,SI,95-guias-desarrollo
95-guias-desarrollo/VALIDACION-REFERENCIAS-DB-FRONTEND.md,gamification_system,user_stats,SI,95-guias-desarrollo
95-guias-desarrollo/VALIDACION-REFERENCIAS-DB-FRONTEND.md,gamification_system,comodin_type,SI,95-guias-desarrollo
95-guias-desarrollo/VALIDACION-REFERENCIAS-DB-FRONTEND.md,auth,users,SI,95-guias-desarrollo
95-guias-desarrollo/VALIDACION-REFERENCIAS-DB-FRONTEND.md,auth_management,profiles,SI,95-guias-desarrollo
95-guias-desarrollo/VALIDACION-REFERENCIAS-DB-FRONTEND.md,auth_management,password_resets,NO,95-guias-desarrollo
95-guias-desarrollo/VALIDACION-REFERENCIAS-DB-FRONTEND.md,auth_management,user_sessions,SI,95-guias-desarrollo
95-guias-desarrollo/README.md,GUIDE,md,NO,95-guias-desarrollo
95-guias-desarrollo/README.md,README,md,NO,95-guias-desarrollo
95-guias-desarrollo/README.md,PascalCase,md,NO,95-guias-desarrollo
95-guias-desarrollo/_INVENTARIO-COMPLETO-SISTEMA.md,ExerciseRepository,findById,NO,95-guias-desarrollo
95-guias-desarrollo/_INVENTARIO-COMPLETO-SISTEMA.md,GamificationService,awardMLCoins,NO,95-guias-desarrollo
95-guias-desarrollo/_INVENTARIO-COMPLETO-SISTEMA.md,SubmissionService,submitExercise,NO,95-guias-desarrollo
95-guias-desarrollo/_INVENTARIO-COMPLETO-SISTEMA.md,progress_tracking,exercise_submissions,SI,95-guias-desarrollo
95-guias-desarrollo/_INVENTARIO-COMPLETO-SISTEMA.md,gamification_system,ml_coins_transactions,SI,95-guias-desarrollo
95-guias-desarrollo/_INVENTARIO-COMPLETO-SISTEMA.md,ScoreService,calculateScore,NO,95-guias-desarrollo
95-guias-desarrollo/_REFERENCIAS-CRUZADAS-MAESTRO.md,progress_tracking,exercise_submissions,SI,95-guias-desarrollo
95-guias-desarrollo/_MATRIZ-MAPEO-REFERENCIAS.md,ExerciseRepository,findById,NO,95-guias-desarrollo
95-guias-desarrollo/_MATRIZ-MAPEO-REFERENCIAS.md,ClassroomsService,findAll,NO,95-guias-desarrollo
95-guias-desarrollo/_MATRIZ-MAPEO-REFERENCIAS.md,auth_management,security_logs,NO,95-guias-desarrollo
95-guias-desarrollo/_MATRIZ-MAPEO-REFERENCIAS.md,ModulesService,findAll,NO,95-guias-desarrollo
95-guias-desarrollo/_MATRIZ-MAPEO-REFERENCIAS.md,AuthService,getCurrentUser,NO,95-guias-desarrollo
95-guias-desarrollo/_MATRIZ-MAPEO-REFERENCIAS.md,OrganizationsService,findOne,NO,95-guias-desarrollo
95-guias-desarrollo/_MATRIZ-MAPEO-REFERENCIAS.md,ClassroomsService,delete,NO,95-guias-desarrollo
95-guias-desarrollo/_MATRIZ-MAPEO-REFERENCIAS.md,RanksService,promoteRank,NO,95-guias-desarrollo
95-guias-desarrollo/_MATRIZ-MAPEO-REFERENCIAS.md,SystemService,getHealth,NO,95-guias-desarrollo
95-guias-desarrollo/_MATRIZ-MAPEO-REFERENCIAS.md,gamification_system,user_stats,SI,95-guias-desarrollo
95-guias-desarrollo/_MATRIZ-MAPEO-REFERENCIAS.md,AttemptsService,findAll,NO,95-guias-desarrollo
95-guias-desarrollo/_MATRIZ-MAPEO-REFERENCIAS.md,SubmissionsRepository,save,NO,95-guias-desarrollo
95-guias-desarrollo/_MATRIZ-MAPEO-REFERENCIAS.md,MLCoinsService,awardCoins,NO,95-guias-desarrollo
95-guias-desarrollo/_MATRIZ-MAPEO-REFERENCIAS.md,RanksService,checkPromotion,NO,95-guias-desarrollo
95-guias-desarrollo/_MATRIZ-MAPEO-REFERENCIAS.md,FriendshipsService,acceptRequest,NO,95-guias-desarrollo
95-guias-desarrollo/_MATRIZ-MAPEO-REFERENCIAS.md,GamificationService,initializeUser,NO,95-guias-desarrollo
95-guias-desarrollo/_MATRIZ-MAPEO-REFERENCIAS.md,RanksService,getRankProgress,NO,95-guias-desarrollo
95-guias-desarrollo/_MATRIZ-MAPEO-REFERENCIAS.md,ProgressService,getModuleProgress,NO,95-guias-desarrollo
95-guias-desarrollo/_MATRIZ-MAPEO-REFERENCIAS.md,AttemptsService,findOne,NO,95-guias-desarrollo
95-guias-desarrollo/_MATRIZ-MAPEO-REFERENCIAS.md,TeacherService,getClassrooms,NO,95-guias-desarrollo
95-guias-desarrollo/_MATRIZ-MAPEO-REFERENCIAS.md,LeaderboardService,getByClassroom,NO,95-guias-desarrollo
95-guias-desarrollo/_MATRIZ-MAPEO-REFERENCIAS.md,AnalyticsService,getOverview,NO,95-guias-desarrollo
95-guias-desarrollo/_MATRIZ-MAPEO-REFERENCIAS.md,TeamsService,findOne,NO,95-guias-desarrollo
95-guias-desarrollo/_MATRIZ-MAPEO-REFERENCIAS.md,FriendshipsService,findAll,NO,95-guias-desarrollo
95-guias-desarrollo/_MATRIZ-MAPEO-REFERENCIAS.md,ExercisesService,create,NO,95-guias-desarrollo
95-guias-desarrollo/_MATRIZ-MAPEO-REFERENCIAS.md,PasswordService,changePassword,NO,95-guias-desarrollo
95-guias-desarrollo/_MATRIZ-MAPEO-REFERENCIAS.md,TeacherService,getStudentProgress,NO,95-guias-desarrollo
95-guias-desarrollo/_MATRIZ-MAPEO-REFERENCIAS.md,SubmissionsService,findAll,NO,95-guias-desarrollo
95-guias-desarrollo/_MATRIZ-MAPEO-REFERENCIAS.md,TeamsService,findAll,NO,95-guias-desarrollo
95-guias-desarrollo/_MATRIZ-MAPEO-REFERENCIAS.md,auth_management,refresh_tokens,NO,95-guias-desarrollo
95-guias-desarrollo/_MATRIZ-MAPEO-REFERENCIAS.md,SchoolsService,delete,NO,95-guias-desarrollo
95-guias-desarrollo/_MATRIZ-MAPEO-REFERENCIAS.md,SessionService,getUserSessions,NO,95-guias-desarrollo
95-guias-desarrollo/_MATRIZ-MAPEO-REFERENCIAS.md,ModulesService,delete,NO,95-guias-desarrollo
95-guias-desarrollo/_MATRIZ-MAPEO-REFERENCIAS.md,gamification_system,user_ranks,SI,95-guias-desarrollo
95-guias-desarrollo/_MATRIZ-MAPEO-REFERENCIAS.md,ValidationService,validateAnswer,NO,95-guias-desarrollo
95-guias-desarrollo/_MATRIZ-MAPEO-REFERENCIAS.md,ModulesService,findOne,NO,95-guias-desarrollo
95-guias-desarrollo/_MATRIZ-MAPEO-REFERENCIAS.md,ModulesService,create,NO,95-guias-desarrollo
95-guias-desarrollo/_MATRIZ-MAPEO-REFERENCIAS.md,MLCoinsService,deductCoins,NO,95-guias-desarrollo
95-guias-desarrollo/_MATRIZ-MAPEO-REFERENCIAS.md,ExercisesService,submitAnswer,NO,95-guias-desarrollo
95-guias-desarrollo/_MATRIZ-MAPEO-REFERENCIAS.md,MLCoinsService,getBalance,NO,95-guias-desarrollo
95-guias-desarrollo/_MATRIZ-MAPEO-REFERENCIAS.md,UsersService,findOne,NO,95-guias-desarrollo
95-guias-desarrollo/_MATRIZ-MAPEO-REFERENCIAS.md,AuthService,login,NO,95-guias-desarrollo
95-guias-desarrollo/_MATRIZ-MAPEO-REFERENCIAS.md,UsersService,findAll,NO,95-guias-desarrollo
95-guias-desarrollo/_MATRIZ-MAPEO-REFERENCIAS.md,MembersService,findAll,NO,95-guias-desarrollo
95-guias-desarrollo/_MATRIZ-MAPEO-REFERENCIAS.md,ModulesService,getLessons,NO,95-guias-desarrollo
95-guias-desarrollo/_MATRIZ-MAPEO-REFERENCIAS.md,AchievementsService,getAll,NO,95-guias-desarrollo
95-guias-desarrollo/_MATRIZ-MAPEO-REFERENCIAS.md,SchoolsService,findOne,NO,95-guias-desarrollo
95-guias-desarrollo/_MATRIZ-MAPEO-REFERENCIAS.md,AchievementsService,getProgress,NO,95-guias-desarrollo
95-guias-desarrollo/_MATRIZ-MAPEO-REFERENCIAS.md,ExercisesService,validateAnswer,NO,95-guias-desarrollo
95-guias-desarrollo/_MATRIZ-MAPEO-REFERENCIAS.md,SchoolsService,create,NO,95-guias-desarrollo
95-guias-desarrollo/_MATRIZ-MAPEO-REFERENCIAS.md,LeaderboardService,getFriends,NO,95-guias-desarrollo
95-guias-desarrollo/_MATRIZ-MAPEO-REFERENCIAS.md,ExercisesService,findAll,NO,95-guias-desarrollo
95-guias-desarrollo/_MATRIZ-MAPEO-REFERENCIAS.md,SubmissionsService,submitExercise,NO,95-guias-desarrollo
95-guias-desarrollo/_MATRIZ-MAPEO-REFERENCIAS.md,AuthService,logout,NO,95-guias-desarrollo
95-guias-desarrollo/_MATRIZ-MAPEO-REFERENCIAS.md,ExercisesService,findOne,NO,95-guias-desarrollo
95-guias-desarrollo/_MATRIZ-MAPEO-REFERENCIAS.md,RanksService,getUserRank,NO,95-guias-desarrollo
95-guias-desarrollo/_MATRIZ-MAPEO-REFERENCIAS.md,FriendshipsService,sendRequest,NO,95-guias-desarrollo
95-guias-desarrollo/_MATRIZ-MAPEO-REFERENCIAS.md,AuthService,refreshToken,NO,95-guias-desarrollo
95-guias-desarrollo/_MATRIZ-MAPEO-REFERENCIAS.md,SchoolsService,findAll,NO,95-guias-desarrollo
95-guias-desarrollo/_MATRIZ-MAPEO-REFERENCIAS.md,ProgressService,getAllModules,NO,95-guias-desarrollo
95-guias-desarrollo/_MATRIZ-MAPEO-REFERENCIAS.md,ClassroomsService,findOne,NO,95-guias-desarrollo
95-guias-desarrollo/_MATRIZ-MAPEO-REFERENCIAS.md,ClassroomsService,update,NO,95-guias-desarrollo
95-guias-desarrollo/_MATRIZ-MAPEO-REFERENCIAS.md,SchoolsService,update,NO,95-guias-desarrollo
95-guias-desarrollo/_MATRIZ-MAPEO-REFERENCIAS.md,MLCoinsService,purchaseItem,NO,95-guias-desarrollo
95-guias-desarrollo/_MATRIZ-MAPEO-REFERENCIAS.md,gamification_system,ml_coins_wallets,NO,95-guias-desarrollo
95-guias-desarrollo/_MATRIZ-MAPEO-REFERENCIAS.md,ProgressService,updateProgress,NO,95-guias-desarrollo
95-guias-desarrollo/_MATRIZ-MAPEO-REFERENCIAS.md,AchievementsService,checkProgress,NO,95-guias-desarrollo
95-guias-desarrollo/_MATRIZ-MAPEO-REFERENCIAS.md,AchievementsService,getUserAchievements,NO,95-guias-desarrollo
95-guias-desarrollo/_MATRIZ-MAPEO-REFERENCIAS.md,AuthService,register,NO,95-guias-desarrollo
95-guias-desarrollo/_MATRIZ-MAPEO-REFERENCIAS.md,auth_management,sessions,SI,95-guias-desarrollo
95-guias-desarrollo/_MATRIZ-MAPEO-REFERENCIAS.md,PasswordService,resetPassword,NO,95-guias-desarrollo
95-guias-desarrollo/_MATRIZ-MAPEO-REFERENCIAS.md,AchievementsService,unlockAchievement,NO,95-guias-desarrollo
95-guias-desarrollo/_MATRIZ-MAPEO-REFERENCIAS.md,TeamsService,create,NO,95-guias-desarrollo
95-guias-desarrollo/_MATRIZ-MAPEO-REFERENCIAS.md,SessionService,revokeSession,NO,95-guias-desarrollo
95-guias-desarrollo/_MATRIZ-MAPEO-REFERENCIAS.md,SystemService,getStats,NO,95-guias-desarrollo
95-guias-desarrollo/_MATRIZ-MAPEO-REFERENCIAS.md,AttemptsService,recordAttempt,NO,95-guias-desarrollo
95-guias-desarrollo/_MATRIZ-MAPEO-REFERENCIAS.md,NotificationsService,send,NO,95-guias-desarrollo
95-guias-desarrollo/_MATRIZ-MAPEO-REFERENCIAS.md,auth_management,profiles,SI,95-guias-desarrollo
95-guias-desarrollo/_MATRIZ-MAPEO-REFERENCIAS.md,UsersService,suspend,NO,95-guias-desarrollo
95-guias-desarrollo/_MATRIZ-MAPEO-REFERENCIAS.md,MLCoinsService,getTransactionHistory,NO,95-guias-desarrollo
95-guias-desarrollo/_MATRIZ-MAPEO-REFERENCIAS.md,NotificationsService,sendNotification,NO,95-guias-desarrollo
95-guias-desarrollo/_MATRIZ-MAPEO-REFERENCIAS.md,OrganizationsService,findAll,NO,95-guias-desarrollo
95-guias-desarrollo/_MATRIZ-MAPEO-REFERENCIAS.md,LeaderboardService,getUserPosition,NO,95-guias-desarrollo
95-guias-desarrollo/_MATRIZ-MAPEO-REFERENCIAS.md,ExercisesService,update,NO,95-guias-desarrollo
95-guias-desarrollo/_MATRIZ-MAPEO-REFERENCIAS.md,TeamMembersService,addMember,NO,95-guias-desarrollo
95-guias-desarrollo/_MATRIZ-MAPEO-REFERENCIAS.md,AchievementsService,getRecent,NO,95-guias-desarrollo
95-guias-desarrollo/_MATRIZ-MAPEO-REFERENCIAS.md,AttemptsService,getExerciseAttempts,NO,95-guias-desarrollo
95-guias-desarrollo/_MATRIZ-MAPEO-REFERENCIAS.md,RanksService,getAllRanks,NO,95-guias-desarrollo
95-guias-desarrollo/_MATRIZ-MAPEO-REFERENCIAS.md,MembersService,addMember,NO,95-guias-desarrollo
95-guias-desarrollo/_MATRIZ-MAPEO-REFERENCIAS.md,SubmissionsService,findOne,NO,95-guias-desarrollo
95-guias-desarrollo/_MATRIZ-MAPEO-REFERENCIAS.md,SessionService,revokeAllSessions,NO,95-guias-desarrollo
95-guias-desarrollo/_MATRIZ-MAPEO-REFERENCIAS.md,LeaderboardService,getGlobal,NO,95-guias-desarrollo
95-guias-desarrollo/_MATRIZ-MAPEO-REFERENCIAS.md,MembersService,removeMember,NO,95-guias-desarrollo
95-guias-desarrollo/_MATRIZ-MAPEO-REFERENCIAS.md,ExercisesService,getHints,NO,95-guias-desarrollo
95-guias-desarrollo/_MATRIZ-MAPEO-REFERENCIAS.md,SessionService,create,NO,95-guias-desarrollo
95-guias-desarrollo/_MATRIZ-MAPEO-REFERENCIAS.md,ModulesService,update,NO,95-guias-desarrollo
95-guias-desarrollo/_MATRIZ-MAPEO-REFERENCIAS.md,auth_management,password_reset_tokens,SI,95-guias-desarrollo
95-guias-desarrollo/_MATRIZ-MAPEO-REFERENCIAS.md,RanksService,getRankRequirements,NO,95-guias-desarrollo
95-guias-desarrollo/_MATRIZ-MAPEO-REFERENCIAS.md,ScoringService,calculateScore,NO,95-guias-desarrollo
95-guias-desarrollo/_MATRIZ-MAPEO-REFERENCIAS.md,MLCoinsService,getTransactions,NO,95-guias-desarrollo
95-guias-desarrollo/_MATRIZ-MAPEO-REFERENCIAS.md,ClassroomsService,create,NO,95-guias-desarrollo
95-guias-desarrollo/_MATRIZ-MAPEO-REFERENCIAS.md,PasswordService,forgotPassword,NO,95-guias-desarrollo
95-guias-desarrollo/_MATRIZ-MAPEO-REFERENCIAS.md,GradingService,getPending,NO,95-guias-desarrollo
95-guias-desarrollo/_MAP.md,BACKEND,md,NO,95-guias-desarrollo
95-guias-desarrollo/_MAP.md,HANDLING,md,NO,95-guias-desarrollo
95-guias-desarrollo/_MAP.md,MANAGEMENT,md,NO,95-guias-desarrollo
95-guias-desarrollo/_MAP.md,INTEGRATION,md,NO,95-guias-desarrollo
95-guias-desarrollo/_MAP.md,UI,md,SI,95-guias-desarrollo
95-guias-desarrollo/_MAP.md,CONVENTIONS,md,NO,95-guias-desarrollo
95-guias-desarrollo/_MAP.md,_MAP,md,NO,95-guias-desarrollo
95-guias-desarrollo/_MAP.md,SHARED,md,NO,95-guias-desarrollo
95-guias-desarrollo/_MAP.md,DESARROLLO,md,NO,95-guias-desarrollo
95-guias-desarrollo/_MAP.md,FRONTEND,md,NO,95-guias-desarrollo
95-guias-desarrollo/_MAP.md,MODULOS,md,SI,95-guias-desarrollo
95-guias-desarrollo/_MAP.md,FEATURES,md,NO,95-guias-desarrollo
95-guias-desarrollo/ANALISIS-COHERENCIA-MODELO-LEVEL.md,gamification_system,user_ranks,SI,95-guias-desarrollo
95-guias-desarrollo/ANALISIS-COHERENCIA-MODELO-LEVEL.md,gamification_system,process_exercise_completion,NO,95-guias-desarrollo
95-guias-desarrollo/ANALISIS-COHERENCIA-MODELO-LEVEL.md,NEW,level,NO,95-guias-desarrollo
95-guias-desarrollo/ANALISIS-COHERENCIA-MODELO-LEVEL.md,gamification_system,user_stats,SI,95-guias-desarrollo
95-guias-desarrollo/ANALISIS-COHERENCIA-MODELO-LEVEL.md,user_stats,level,SI,95-guias-desarrollo
95-guias-desarrollo/ANALISIS-COHERENCIA-MODELO-LEVEL.md,gamification_system,leaderboard_xp,NO,95-guias-desarrollo
95-guias-desarrollo/ANALISIS-COHERENCIA-MODELO-LEVEL.md,information_schema,columns,NO,95-guias-desarrollo
95-guias-desarrollo/ANALISIS-COHERENCIA-MODELO-LEVEL.md,educational_content,get_recommended_missions,NO,95-guias-desarrollo
95-guias-desarrollo/ANALISIS-COHERENCIA-MODELO-LEVEL.md,progress_tracking,grant_mission_completion_rewards,NO,95-guias-desarrollo
95-guias-desarrollo/ANALISIS-COHERENCIA-MODELO-LEVEL.md,gamification_system,missions,SI,95-guias-desarrollo
95-guias-desarrollo/ANALISIS-COHERENCIA-MODELO-LEVEL.md,auth_management,profiles,SI,95-guias-desarrollo
95-guias-desarrollo/ANALISIS-COHERENCIA-MODELO-LEVEL.md,us,current_level,SI,95-guias-desarrollo
95-guias-desarrollo/ANALISIS-COHERENCIA-MODELO-LEVEL.md,educational_content,calculate_learning_path,NO,95-guias-desarrollo
95-guias-desarrollo/CORRECCION-REPORTE-ALINEACION.md,gamification_system,user_ranks,SI,95-guias-desarrollo
95-guias-desarrollo/CORRECCION-REPORTE-ALINEACION.md,social_features,schools,SI,95-guias-desarrollo
95-guias-desarrollo/CORRECCION-REPORTE-ALINEACION.md,comodines_inventory,sql,NO,95-guias-desarrollo
95-guias-desarrollo/CORRECCION-REPORTE-ALINEACION.md,gamilit,now_mexico,SI,95-guias-desarrollo
95-guias-desarrollo/CORRECCION-REPORTE-ALINEACION.md,gamification_system,user_stats,SI,95-guias-desarrollo
95-guias-desarrollo/CORRECCION-REPORTE-ALINEACION.md,gamification_system,powerup_usage_log,NO,95-guias-desarrollo
95-guias-desarrollo/CORRECCION-REPORTE-ALINEACION.md,gamification_system,calculate_study_streaks,NO,95-guias-desarrollo
95-guias-desarrollo/CORRECCION-REPORTE-ALINEACION.md,gamilit,initialize_user_missions,NO,95-guias-desarrollo
95-guias-desarrollo/CORRECCION-REPORTE-ALINEACION.md,gamification_system,powerups,NO,95-guias-desarrollo
95-guias-desarrollo/CORRECCION-REPORTE-ALINEACION.md,educational_content,exercises,SI,95-guias-desarrollo
95-guias-desarrollo/CORRECCION-REPORTE-ALINEACION.md,auth_management,profiles,SI,95-guias-desarrollo
95-guias-desarrollo/CORRECCION-REPORTE-ALINEACION.md,gamilit,update_user_stats_on_exercise_complete,SI,95-guias-desarrollo
95-guias-desarrollo/CORRECCION-REPORTE-ALINEACION.md,profiles,school_id,SI,95-guias-desarrollo
95-guias-desarrollo/CORRECCION-REPORTE-ALINEACION.md,gamilit,initialize_user_stats,SI,95-guias-desarrollo
95-guias-desarrollo/CORRECCION-REPORTE-ALINEACION.md,gamification_system,comodines_inventory,SI,95-guias-desarrollo
95-guias-desarrollo/CORRECCION-REPORTE-ALINEACION.md,auth_management,user_sessions,SI,95-guias-desarrollo
95-guias-desarrollo/CORRECCION-REPORTE-ALINEACION.md,gamification_system,reset_inactive_streaks,NO,95-guias-desarrollo
95-guias-desarrollo/VERIFICACION-BUGS-PENDIENTES.md,gamification_system,user_ranks,SI,95-guias-desarrollo
95-guias-desarrollo/VERIFICACION-BUGS-PENDIENTES.md,gamification_system,process_exercise_completion,NO,95-guias-desarrollo
95-guias-desarrollo/VERIFICACION-BUGS-PENDIENTES.md,gamification_system,user_stats,SI,95-guias-desarrollo
95-guias-desarrollo/VERIFICACION-BUGS-PENDIENTES.md,process_exercise_completion,sql,NO,95-guias-desarrollo
95-guias-desarrollo/VERIFICACION-BUGS-PENDIENTES.md,information_schema,columns,NO,95-guias-desarrollo
95-guias-desarrollo/VERIFICACION-BUGS-PENDIENTES.md,gamilit,initialize_user_missions,NO,95-guias-desarrollo
95-guias-desarrollo/VERIFICACION-BUGS-PENDIENTES.md,educational_content,exercises,SI,95-guias-desarrollo
95-guias-desarrollo/VERIFICACION-BUGS-PENDIENTES.md,auth_management,profiles,SI,95-guias-desarrollo
95-guias-desarrollo/VERIFICACION-BUGS-PENDIENTES.md,gamilit,update_user_stats_on_exercise_complete,SI,95-guias-desarrollo
95-guias-desarrollo/VERIFICACION-BUGS-PENDIENTES.md,gamification_system,ml_coins_transactions,SI,95-guias-desarrollo
95-guias-desarrollo/VERIFICACION-BUGS-PENDIENTES.md,gamification_system,comodines_inventory,SI,95-guias-desarrollo
95-guias-desarrollo/VERIFICACION-BUGS-PENDIENTES.md,gamilit,initialize_user_stats,SI,95-guias-desarrollo
95-guias-desarrollo/REPORTE-ALINEACION-SISTEMA.md,social_features,schools,SI,95-guias-desarrollo
95-guias-desarrollo/REPORTE-ALINEACION-SISTEMA.md,gamification_system,comodin_type,SI,95-guias-desarrollo
95-guias-desarrollo/REPORTE-ALINEACION-SISTEMA.md,gamification_system,powerup_usage_log,NO,95-guias-desarrollo
95-guias-desarrollo/REPORTE-ALINEACION-SISTEMA.md,gamification_system,powerups,NO,95-guias-desarrollo
95-guias-desarrollo/REPORTE-ALINEACION-SISTEMA.md,auth_management,profiles,SI,95-guias-desarrollo
95-guias-desarrollo/REPORTE-ALINEACION-SISTEMA.md,profiles,school_id,SI,95-guias-desarrollo
95-guias-desarrollo/VALIDACION-CORRECCIONES-LEVEL.md,gamification_system,process_exercise_completion,NO,95-guias-desarrollo
95-guias-desarrollo/VALIDACION-CORRECCIONES-LEVEL.md,NEW,level,NO,95-guias-desarrollo
95-guias-desarrollo/VALIDACION-CORRECCIONES-LEVEL.md,gamification_system,user_stats,SI,95-guias-desarrollo
95-guias-desarrollo/VALIDACION-CORRECCIONES-LEVEL.md,gamification_system,leaderboard_xp,NO,95-guias-desarrollo
95-guias-desarrollo/VALIDACION-CORRECCIONES-LEVEL.md,gamification_system,recalculate_level_on_xp_change,NO,95-guias-desarrollo
95-guias-desarrollo/VALIDACION-CORRECCIONES-LEVEL.md,auth_management,profiles,SI,95-guias-desarrollo
95-guias-desarrollo/VALIDACION-CORRECCIONES-LEVEL.md,us,level,SI,95-guias-desarrollo
95-guias-desarrollo/VALIDACION-CORRECCIONES-LEVEL.md,gamilit,update_user_stats_on_exercise_complete,SI,95-guias-desarrollo
95-guias-desarrollo/VALIDACION-CORRECCIONES-LEVEL.md,us,current_level,SI,95-guias-desarrollo
95-guias-desarrollo/VALIDACION-CORRECCIONES-LEVEL.md,gamification_system,mv_global_leaderboard,NO,95-guias-desarrollo
95-guias-desarrollo/TESTING-GUIDE.md,ExerciseRepository,findById,NO,95-guias-desarrollo
95-guias-desarrollo/TESTING-GUIDE.md,query,mockResolvedValue,NO,95-guias-desarrollo
95-guias-desarrollo/TESTING-GUIDE.md,localStorage,setItem,NO,95-guias-desarrollo
95-guias-desarrollo/TESTING-GUIDE.md,config,ts,SI,95-guias-desarrollo
95-guias-desarrollo/TESTING-GUIDE.md,loginSchema,validate,NO,95-guias-desarrollo
95-guias-desarrollo/TESTING-GUIDE.md,authService,login,NO,95-guias-desarrollo
95-guias-desarrollo/TESTING-GUIDE.md,not,toHaveBeenCalled,NO,95-guias-desarrollo
95-guias-desarrollo/TESTING-GUIDE.md,config,js,SI,95-guias-desarrollo
95-guias-desarrollo/TESTING-GUIDE.md,vi,fn,NO,95-guias-desarrollo
95-guias-desarrollo/TESTING-GUIDE.md,apiClient,get,NO,95-guias-desarrollo
95-guias-desarrollo/TESTING-GUIDE.md,vi,mocked,NO,95-guias-desarrollo
95-guias-desarrollo/TESTING-GUIDE.md,vi,mock,NO,95-guias-desarrollo
95-guias-desarrollo/TESTING-GUIDE.md,jest,fn,NO,95-guias-desarrollo
95-guias-desarrollo/TESTING-GUIDE.md,user,click,SI,95-guias-desarrollo
95-guias-desarrollo/TESTING-GUIDE.md,userEvent,setup,NO,95-guias-desarrollo
95-guias-desarrollo/TESTING-GUIDE.md,authStore,login,NO,95-guias-desarrollo
95-guias-desarrollo/TESTING-GUIDE.md,client,get,SI,95-guias-desarrollo
95-guias-desarrollo/TESTING-GUIDE.md,screen,getByText,NO,95-guias-desarrollo
95-guias-desarrollo/TESTING-GUIDE.md,AuthService,login,NO,95-guias-desarrollo
95-guias-desarrollo/TESTING-GUIDE.md,vi,clearAllMocks,NO,95-guias-desarrollo
95-guias-desarrollo/TESTING-GUIDE.md,repo,findById,NO,95-guias-desarrollo
95-guias-desarrollo/TESTING-GUIDE.md,path,resolve,SI,95-guias-desarrollo
95-guias-desarrollo/TESTING-GUIDE.md,pool,end,NO,95-guias-desarrollo
95-guias-desarrollo/TESTING-GUIDE.md,screen,getByRole,NO,95-guias-desarrollo
95-guias-desarrollo/TESTING-GUIDE.md,findByEmail,mockResolvedValue,NO,95-guias-desarrollo
95-guias-desarrollo/TESTING-GUIDE.md,screen,getByPlaceholderText,NO,95-guias-desarrollo
95-guias-desarrollo/TESTING-GUIDE.md,useAuthStore,setState,NO,95-guias-desarrollo
95-guias-desarrollo/TESTING-GUIDE.md,vi,importActual,NO,95-guias-desarrollo
95-guias-desarrollo/TESTING-GUIDE.md,useAuthStore,getState,NO,95-guias-desarrollo
95-guias-desarrollo/TESTING-GUIDE.md,jest,mock,NO,95-guias-desarrollo
